-- phpMyAdmin SQL Dump
-- version 5.1.0
-- https://www.phpmyadmin.net/
--
-- Хост: 127.0.0.1:3306
-- Время создания: Янв 10 2022 г., 14:39
-- Версия сервера: 8.0.24
-- Версия PHP: 7.4.21

SET SQL_MODE = "NO_AUTO_VALUE_ON_ZERO";
START TRANSACTION;
SET time_zone = "+00:00";


/*!40101 SET @OLD_CHARACTER_SET_CLIENT=@@CHARACTER_SET_CLIENT */;
/*!40101 SET @OLD_CHARACTER_SET_RESULTS=@@CHARACTER_SET_RESULTS */;
/*!40101 SET @OLD_COLLATION_CONNECTION=@@COLLATION_CONNECTION */;
/*!40101 SET NAMES utf8mb4 */;

--
-- База данных: `blog`
--

-- --------------------------------------------------------

--
-- Структура таблицы `categories`
--

CREATE TABLE `categories` (
  `id` bigint UNSIGNED NOT NULL,
  `title` varchar(255) CHARACTER SET utf8mb4 COLLATE utf8mb4_unicode_ci NOT NULL,
  `created_at` timestamp NULL DEFAULT NULL,
  `updated_at` timestamp NULL DEFAULT NULL,
  `deleted_at` timestamp NULL DEFAULT NULL
) ENGINE=InnoDB DEFAULT CHARSET=utf8mb4 COLLATE=utf8mb4_unicode_ci;

--
-- Дамп данных таблицы `categories`
--

INSERT INTO `categories` (`id`, `title`, `created_at`, `updated_at`, `deleted_at`) VALUES
(1, 'Кошка с Собакой', '2022-01-03 13:40:47', '2022-01-05 17:59:09', NULL),
(2, 'Ыыть', '2022-01-03 13:40:58', '2022-01-05 18:07:59', NULL),
(3, 'Женя-пиздец и другие', '2022-01-03 14:09:28', '2022-01-05 18:16:58', NULL),
(5, 'Ещё категория', '2022-01-03 17:59:48', '2022-01-03 18:45:35', '2022-01-03 18:45:35'),
(6, 'Категория 3', '2022-01-03 18:54:25', '2022-01-05 18:13:29', '2022-01-05 18:13:29');

-- --------------------------------------------------------

--
-- Структура таблицы `comments`
--

CREATE TABLE `comments` (
  `id` bigint UNSIGNED NOT NULL,
  `message` text CHARACTER SET utf8mb4 COLLATE utf8mb4_unicode_ci NOT NULL,
  `post_id` bigint UNSIGNED NOT NULL,
  `user_id` bigint UNSIGNED NOT NULL,
  `created_at` timestamp NULL DEFAULT NULL,
  `updated_at` timestamp NULL DEFAULT NULL
) ENGINE=InnoDB DEFAULT CHARSET=utf8mb4 COLLATE=utf8mb4_unicode_ci;

--
-- Дамп данных таблицы `comments`
--

INSERT INTO `comments` (`id`, `message`, `post_id`, `user_id`, `created_at`, `updated_at`) VALUES
(9, 'awdaw d aw 2\r\ncomment 2211123 1', 15, 3, NULL, '2022-01-10 06:44:30'),
(10, 'awdaw d awawdawd', 15, 4, NULL, '2022-01-10 06:48:36'),
(13, 'dawdawd w \r\nwad w daw\r\nawd aw фцв фцвф', 14, 3, '2022-01-07 18:51:04', '2022-01-10 07:34:36'),
(16, 'awda d aw', 16, 3, '2022-01-07 19:04:24', '2022-01-07 19:04:24'),
(17, 'jkljkljkljkj jkljkjljguhyg\r\nkjkjlkj', 9, 3, '2022-01-07 19:13:12', '2022-01-07 19:13:12'),
(18, 'фцв фцв', 16, 3, '2022-01-10 07:32:09', '2022-01-10 07:32:09');

-- --------------------------------------------------------

--
-- Структура таблицы `failed_jobs`
--

CREATE TABLE `failed_jobs` (
  `id` bigint UNSIGNED NOT NULL,
  `uuid` varchar(255) CHARACTER SET utf8mb4 COLLATE utf8mb4_unicode_ci NOT NULL,
  `connection` text CHARACTER SET utf8mb4 COLLATE utf8mb4_unicode_ci NOT NULL,
  `queue` text CHARACTER SET utf8mb4 COLLATE utf8mb4_unicode_ci NOT NULL,
  `payload` longtext CHARACTER SET utf8mb4 COLLATE utf8mb4_unicode_ci NOT NULL,
  `exception` longtext CHARACTER SET utf8mb4 COLLATE utf8mb4_unicode_ci NOT NULL,
  `failed_at` timestamp NOT NULL DEFAULT CURRENT_TIMESTAMP
) ENGINE=InnoDB DEFAULT CHARSET=utf8mb4 COLLATE=utf8mb4_unicode_ci;

-- --------------------------------------------------------

--
-- Структура таблицы `jobs`
--

CREATE TABLE `jobs` (
  `id` bigint UNSIGNED NOT NULL,
  `queue` varchar(255) CHARACTER SET utf8mb4 COLLATE utf8mb4_unicode_ci NOT NULL,
  `payload` longtext CHARACTER SET utf8mb4 COLLATE utf8mb4_unicode_ci NOT NULL,
  `attempts` tinyint UNSIGNED NOT NULL,
  `reserved_at` int UNSIGNED DEFAULT NULL,
  `available_at` int UNSIGNED NOT NULL,
  `created_at` int UNSIGNED NOT NULL
) ENGINE=InnoDB DEFAULT CHARSET=utf8mb4 COLLATE=utf8mb4_unicode_ci;

-- --------------------------------------------------------

--
-- Структура таблицы `migrations`
--

CREATE TABLE `migrations` (
  `id` int UNSIGNED NOT NULL,
  `migration` varchar(255) CHARACTER SET utf8mb4 COLLATE utf8mb4_unicode_ci NOT NULL,
  `batch` int NOT NULL
) ENGINE=InnoDB DEFAULT CHARSET=utf8mb4 COLLATE=utf8mb4_unicode_ci;

--
-- Дамп данных таблицы `migrations`
--

INSERT INTO `migrations` (`id`, `migration`, `batch`) VALUES
(5, '2014_10_12_000000_create_users_table', 1),
(6, '2014_10_12_100000_create_password_resets_table', 1),
(7, '2019_08_19_000000_create_failed_jobs_table', 1),
(8, '2019_12_14_000001_create_personal_access_tokens_table', 1),
(9, '2021_12_30_000001_create_categories_table', 1),
(10, '2021_12_30_185346_create_posts_table', 1),
(11, '2021_12_30_185702_create_tags_table', 1),
(12, '2021_12_30_213300_create_post_tags_table', 1),
(13, '2022_01_03_213233_add_column_soft_to_categories_table', 2),
(14, '2022_01_03_214828_add_column_sofr_to_tags_table', 3),
(15, '2022_01_03_224326_add_column_soft_to_posts_table', 4),
(17, '2022_01_05_100639_add_columns_images_to_posts_table', 5),
(19, '2022_01_05_224858_add_column_soft_to_users_table', 6),
(21, '2022_01_05_231800_add_column_role_to_users_table', 7),
(22, '2022_01_06_181408_create_jobs_table', 8),
(23, '2022_01_06_231502_create_post_user_likes_table', 9),
(24, '2022_01_07_190452_create_comments_table', 10);

-- --------------------------------------------------------

--
-- Структура таблицы `password_resets`
--

CREATE TABLE `password_resets` (
  `email` varchar(255) CHARACTER SET utf8mb4 COLLATE utf8mb4_unicode_ci NOT NULL,
  `token` varchar(255) CHARACTER SET utf8mb4 COLLATE utf8mb4_unicode_ci NOT NULL,
  `created_at` timestamp NULL DEFAULT NULL
) ENGINE=InnoDB DEFAULT CHARSET=utf8mb4 COLLATE=utf8mb4_unicode_ci;

-- --------------------------------------------------------

--
-- Структура таблицы `personal_access_tokens`
--

CREATE TABLE `personal_access_tokens` (
  `id` bigint UNSIGNED NOT NULL,
  `tokenable_type` varchar(255) CHARACTER SET utf8mb4 COLLATE utf8mb4_unicode_ci NOT NULL,
  `tokenable_id` bigint UNSIGNED NOT NULL,
  `name` varchar(255) CHARACTER SET utf8mb4 COLLATE utf8mb4_unicode_ci NOT NULL,
  `token` varchar(64) CHARACTER SET utf8mb4 COLLATE utf8mb4_unicode_ci NOT NULL,
  `abilities` text CHARACTER SET utf8mb4 COLLATE utf8mb4_unicode_ci,
  `last_used_at` timestamp NULL DEFAULT NULL,
  `created_at` timestamp NULL DEFAULT NULL,
  `updated_at` timestamp NULL DEFAULT NULL
) ENGINE=InnoDB DEFAULT CHARSET=utf8mb4 COLLATE=utf8mb4_unicode_ci;

-- --------------------------------------------------------

--
-- Структура таблицы `posts`
--

CREATE TABLE `posts` (
  `id` bigint UNSIGNED NOT NULL,
  `title` varchar(255) CHARACTER SET utf8mb4 COLLATE utf8mb4_unicode_ci NOT NULL,
  `content` text CHARACTER SET utf8mb4 COLLATE utf8mb4_unicode_ci NOT NULL,
  `category_id` bigint UNSIGNED DEFAULT NULL,
  `created_at` timestamp NULL DEFAULT NULL,
  `updated_at` timestamp NULL DEFAULT NULL,
  `deleted_at` timestamp NULL DEFAULT NULL,
  `preview_image` varchar(255) CHARACTER SET utf8mb4 COLLATE utf8mb4_unicode_ci DEFAULT NULL,
  `main_image` varchar(255) CHARACTER SET utf8mb4 COLLATE utf8mb4_unicode_ci DEFAULT NULL
) ENGINE=InnoDB DEFAULT CHARSET=utf8mb4 COLLATE=utf8mb4_unicode_ci;

--
-- Дамп данных таблицы `posts`
--

INSERT INTO `posts` (`id`, `title`, `content`, `category_id`, `created_at`, `updated_at`, `deleted_at`, `preview_image`, `main_image`) VALUES
(1, 'Пост', '<h2>awdawd</h2><table class=\"table table-bordered\"><tbody><tr><td>th</td><td>th</td><td>tnth</td><td>th</td></tr><tr><td>4</td><td>6</td><td>7</td><td>8</td></tr></tbody></table><h3>awd</h3><p>wa</p><p>da</p>', NULL, '2022-01-03 20:43:35', '2022-01-05 08:26:21', '2022-01-05 08:26:21', NULL, NULL),
(2, 'Вкусные сухарики с маленьким секретиком', '<p>Порезать кусочки на сухарики и насушить их впрок, чтобы потом похрустеть ими с каким-нибудь куриным супчиком&hellip; ммммм) <a href=\"3\">вкуснятина</a>! Так вот, расскажу вам про один секретик обалденно вкусных сухариков, от которых за уши не оттащишь!</p>\r\n<h2>Один секретик обалденно вкусных сухариков</h2>\r\n<figure class=\"image\"><img alt=\"\" src=\"https://img.7dach.ru/image/600/33/98/49/2019/02/16/f1cc4f.jpg\" class=\"img-responsive\" />\r\n<figcaption>Подпись</figcaption>\r\n</figure>\r\n<p>Я люблю похрустеть сухариками из пшеничного хлеба.</p>\r\n<blockquote>Они получаются более вкусными и рассыпчатыми.</blockquote>\r\n<p>Но можно порезать любой хлебушек. Режем пластинки хлеба на мелкие кусочки.<br /><br /><img alt=\"куеук\" src=\"https://img.7dach.ru/image/600/33/98/49/2019/02/16/f44fe0.jpg\" data-src=\"https://img.7dach.ru/image/600/33/98/49/2019/02/16/f44fe0.jpg\" data-srcset=\"https://img.7dach.ru/image/400/33/98/49/2019/02/16/f44fe0.jpg 400w, https://img.7dach.ru/image/600/33/98/49/2019/02/16/f44fe0.jpg 600w, https://img.7dach.ru/image/900/33/98/49/2019/02/16/f44fe0.jpg 900w, https://img.7dach.ru/image/1200/33/98/49/2019/02/16/f44fe0.jpg 1200w\" /><br />Приготовили хлеб для нарезки<br /><br />Я люблю сухарики размером с &laquo;кириешку&raquo;. Но можно и покрупнее нарезать.</p>\r\n<p>Ну а дальше начинается секретик).</p>\r\n<h3>Для вкуснейших сухарей нам понадобится</h3>\r\n<ul>\r\n<li>вкусная соль с чесночком и зеленью из Фикс Прайса,</li>\r\n<li>паприка молотая и&hellip;</li>\r\n<li>обычная питьевая вода в каком-нибудь спрее или пульверизаторе.</li>\r\n</ul>\r\n<p><img alt=\"кака\" src=\"https://img.7dach.ru/image/600/33/98/49/2019/02/16/9c28e6.jpg\" data-src=\"https://img.7dach.ru/image/600/33/98/49/2019/02/16/9c28e6.jpg\" data-srcset=\"https://img.7dach.ru/image/400/33/98/49/2019/02/16/9c28e6.jpg 400w, https://img.7dach.ru/image/600/33/98/49/2019/02/16/9c28e6.jpg 600w, https://img.7dach.ru/image/900/33/98/49/2019/02/16/9c28e6.jpg 900w, https://img.7dach.ru/image/1200/33/98/49/2019/02/16/9c28e6.jpg 1200w\" /><br />Всё, что нужно для приготовления сухариков.<br /><br />Брызгаем на наши подготовленные сухари водичкой, но немного, чтобы они ни в коем случае не промокли, а только смочили поверхность.<br /><br /><img alt=\"апва\" src=\"https://img.7dach.ru/image/600/33/98/49/2019/02/16/edd904.jpg\" data-src=\"https://img.7dach.ru/image/600/33/98/49/2019/02/16/edd904.jpg\" data-srcset=\"https://img.7dach.ru/image/400/33/98/49/2019/02/16/edd904.jpg 400w, https://img.7dach.ru/image/600/33/98/49/2019/02/16/edd904.jpg 600w, https://img.7dach.ru/image/900/33/98/49/2019/02/16/edd904.jpg 900w, https://img.7dach.ru/image/1200/33/98/49/2019/02/16/edd904.jpg 1200w\" /><br /><br />Когда смочили сухарики, тут же посыпаем их вкусной солью и паприкой. Перемешиваем лопаткой, обваливая сухарики в ароматной смеси приправ.<br /><br /><img alt=\"апвап\" src=\"https://img.7dach.ru/image/600/33/98/49/2019/02/16/b657c9.jpg\" data-src=\"https://img.7dach.ru/image/600/33/98/49/2019/02/16/b657c9.jpg\" data-srcset=\"https://img.7dach.ru/image/400/33/98/49/2019/02/16/b657c9.jpg 400w, https://img.7dach.ru/image/600/33/98/49/2019/02/16/b657c9.jpg 600w, https://img.7dach.ru/image/900/33/98/49/2019/02/16/b657c9.jpg 900w, https://img.7dach.ru/image/1200/33/98/49/2019/02/16/b657c9.jpg 1200w\" /><br /><br />Затем снова повторяем ещё раз наши манипуляции &mdash; брызгаем водичкой из спрея, посыпаем приправами, перемешиваем. При таком способе сухарики смачиваются водой, и все приправки прилипают к ним, а не ссыпаются на дно тарелки.<br /><br /><img alt=\"ва\" src=\"https://img.7dach.ru/image/600/33/98/49/2019/02/16/e94212.jpg\" data-src=\"https://img.7dach.ru/image/600/33/98/49/2019/02/16/e94212.jpg\" data-srcset=\"https://img.7dach.ru/image/400/33/98/49/2019/02/16/e94212.jpg 400w, https://img.7dach.ru/image/600/33/98/49/2019/02/16/e94212.jpg 600w, https://img.7dach.ru/image/900/33/98/49/2019/02/16/e94212.jpg 900w, https://img.7dach.ru/image/1200/33/98/49/2019/02/16/e94212.jpg 1200w\" /><br />Сухарики &laquo;облепляются&raquo; приправами и становятся красивыми&nbsp;<br /><br /><img alt=\"акуа\" src=\"https://img.7dach.ru/image/600/33/98/49/2019/02/16/5002b5.jpg\" data-src=\"https://img.7dach.ru/image/600/33/98/49/2019/02/16/5002b5.jpg\" data-srcset=\"https://img.7dach.ru/image/400/33/98/49/2019/02/16/5002b5.jpg 400w, https://img.7dach.ru/image/600/33/98/49/2019/02/16/5002b5.jpg 600w, https://img.7dach.ru/image/900/33/98/49/2019/02/16/5002b5.jpg 900w, https://img.7dach.ru/image/1200/33/98/49/2019/02/16/5002b5.jpg 1200w\" /><br />При таком способе все приправы остаются на сухариках, а не на дне тарелки.<br /><br />Потом, как и все обычные сухарики, нужно высушить в духовке наш деликатес. Здесь уже у каждой хозяюшки свой секретик. Можно поставить в электрическую духовку на небольшую температуру, и, иногда помешивая, довести сухари до нужного хрустящего состояния. Я сушу сухарики в обычной печной духовке, когда топится печка.</p>\r\n<p>В любом случае, результат один &mdash; ароматные, красивые, хрустящие сухарики, полностью обсыпанные вкусными приправками, у вас на столе!<br /><br /><img alt=\"акуа\" src=\"https://img.7dach.ru/image/600/33/98/49/2019/02/16/13586a.jpg\" data-src=\"https://img.7dach.ru/image/600/33/98/49/2019/02/16/13586a.jpg\" data-srcset=\"https://img.7dach.ru/image/400/33/98/49/2019/02/16/13586a.jpg 400w, https://img.7dach.ru/image/600/33/98/49/2019/02/16/13586a.jpg 600w, https://img.7dach.ru/image/900/33/98/49/2019/02/16/13586a.jpg 900w, https://img.7dach.ru/image/1200/33/98/49/2019/02/16/13586a.jpg 1200w\" /><br /><br />Приятного аппетита!<br /><br /><img alt=\"ав\" src=\"https://img.7dach.ru/image/600/33/98/49/2019/02/16/f1cc4f.jpg\" data-src=\"https://img.7dach.ru/image/600/33/98/49/2019/02/16/f1cc4f.jpg\" data-srcset=\"https://img.7dach.ru/image/400/33/98/49/2019/02/16/f1cc4f.jpg 400w, https://img.7dach.ru/image/600/33/98/49/2019/02/16/f1cc4f.jpg 600w, https://img.7dach.ru/image/900/33/98/49/2019/02/16/f1cc4f.jpg 900w, https://img.7dach.ru/image/1200/33/98/49/2019/02/16/f1cc4f.jpg 1200w\" /></p>', NULL, '2022-01-04 13:44:00', '2022-01-05 08:26:23', '2022-01-05 08:26:23', 'blog_images/UAXVYDyc0KiXzbmnFqQ8R4s7Em0O5CbhKqhetMOi.jpg', 'blog_images/c8KTNTfeIxXlqD3CyZK5lHFaBkS2enugOzerkDmG.png'),
(3, '123 12312', '<p>123 13 1</p>', NULL, '2022-01-05 07:24:23', '2022-01-05 08:26:25', '2022-01-05 08:26:25', 'blog_images/jcCqVrJA6VyiUsn18dtE9aebO3CmotBX4VQ9CFIv.jpg', 'blog_images/xrnU1m3cJdVxNcIqZtzBygB77d7fR0vA804jSzP2.png'),
(4, '12 3123 12', '<p>3123123</p>', NULL, '2022-01-05 07:41:26', '2022-01-05 08:26:26', '2022-01-05 08:26:26', 'blog_images/8BYS63xa6nevmaas0s3MxZozldKam2MyOPRI83W2.png', 'blog_images/6Fhbz3okZlSHYqRfscyu5Z6kJxO0742RrY1wPHPm.jpg'),
(5, '12312 3', '<p>&nbsp;1312 31</p>', NULL, '2022-01-05 08:02:38', '2022-01-05 08:26:27', '2022-01-05 08:26:27', 'blog_images/ph0ZwJupDASDLn9C4uBzXLOEDrGa846cGH7nJEOB.jpg', 'blog_images/sr2KX8fJle1Obf9hVcJYMbciJ6i4sAkCFJ1HEu7r.png'),
(6, 'awdaw', '<p>dawdaw</p>', NULL, '2022-01-05 08:14:27', '2022-01-05 08:26:29', '2022-01-05 08:26:29', 'blog_images/7NyPKKfs7d9pp3oPDsLVF7tTcQrv1hifoS43fhvC.png', 'blog_images/TMM5O8uHuFpHI7qCulWcjhXpP0Dq3h9wM6inaTxK.png'),
(7, 'БУБЕН, КАК ОН ЕСТЬ', '<p>Хочется поведать об одном существе человеческой породы. Он обучался на соседнем факультете, мы были практически незнакомы. Только здоровались за ручку. Знаете, стоит штук тридцать студиозусов перед корпусом. Курят. Подходит тридцать первый. Поздоровался за руку с одним &ndash; изволь и с остальными поручкаться. Страшно нечистоплотный обычай. Причём опасный. Потому, что был Борюсик. Если зазевался и сунул краба Борюсику &ndash; всё, пиздец, неделю будешь дрочить исключительно левой (оно, кстати, полезно с точки зрения осевой симметрии человеческого тела). Пока на правой кости не срастутся. Зачем Господь снабдил этого монстра такими грабками, один Аллах ведает. Говорят, когда Борюсику минуло 15 лет, его батя гаражные тиски пропил нахуй. За ненадобностью. Поэтому вновь подошедший, здороваясь за руку, был бдителен. При приближении Борюсика следовало помахать ему ручкой: - Здравствуй, Боря! &ndash; и отойти подале. Не боялся здороваться с человекообразной чеснокодавкой только один человек, и имя ему было &ndash; Бубен.</p>\r\n<p>Происходил этот организм из сельской местности. Этим он слегка противоречил Ч.Дарвину, который утверждал, что человек произошёл не из какой-то там местности, а, наоборот, от обезьяны. Не знаю. Бубен, если и произошёл от гориллы, то совсем недавно. Обладая такой наследственностью, к обучению в высшей школе он был неспособен. Но, благодаря той же наследственности, он оказался весьма способен к вольной борьбе, что позволило ему в этой самой высшей школе успешно обучаться. При знакомстве с Бубном первым делом запоминались его уши. Эти&hellip; как бы сказать&hellip; придатки жили своей жизнью, каждодневно меняя форму и цвет. Они были похожи то на устрицы, то на вареники с вишней, то на женскую письку. Майк Тайсон, увидев Бубна, немедленно побежал бы за кетчупом. Остальная внешность: 175 см, 114 кг, соломенные волосы толщиной со спичку, лицо&hellip; Вы видели х/ф \"Шрек\"? Ну так хуль тогда спрашиваете?</p>\r\n<p>Как и другие особи этого подвида, Бубен был простодушен, добр и наивен. Эти душевные качества постоянно ставили своего обладателя в сложные и неудобные положения. Спинной мозг Бубна (функционирование его головного мозга &ndash; до сих пор одна из загадок современной биологии) в этих случаях генерировал одну стандартную реакцию. Парень искренне огорчался и издавал утробный рёв: \"Ыыыть бляаать!!!\". Громкость и интонация варьировались в зависимости от ситуации. Наступит на собачью какашку - Ыыыть бляаать! Остроумный товарищ стул в аудитории из-под жопы утащит - Ыыыть бляаать! В гостях в приличном доме наложит полный унитаз, а воды в бачке-то и нету &ndash; опять-таки Ыыыть бляаать!</p>\r\n<p>Этот крик души приятелями страдальца почему-то воспринимался исключительно позитивно. За Бубном всегда следовала группа своего рода эмоциональных вампиров, дожидаясь очередного выброса радости и восторга. Дождавшись очередного Бубнового казуса, они ходили просветлёнными целый день, лучась от неподдельного человеческого счастья. Но иногда Бубен коварно прекращал попадать в интересные ситуации.</p>\r\n<p>Окружающие, не получая дневной дозы душевного покоя, мрачнели, чахли на глазах и становились склонными к суициду. И что им было делать? Не помирать же, правда? Добрые друзья Бубна оказывались просто-таки вынужденными создавать такие ситуации своими руками. За годы обучения в высшей школе они выработали множество хитрых способов достижения вожделенного \"Ыыыть бляаать!!!\" Наиболее изощрёнными добытчиками оказались трое. Димас Косарев по кличке \"Василий Иваныч\", он же \"Чапаев\", Виталик Клевцов по кличке \"Виталик\" и Толя Собачкин по кличке, разумеется, \"Собачкин\".</p>\r\n<p>О жизни и невероятных приключениях Бубна и троих его паразитов-симбиотов я и хочу опубликовать серию научно-популярных заметок, если будет на то воля фтыкателей и Удава, согласись он эту серию выкладывать. Планируется 4-5 фельетонов. Как вам, уважаемые каментаторы? Хотя, если Удав выложит первую часть, я, один хуй, запиздрячу и остальные, задерись вы в доску.</p>', 2, '2022-01-05 08:24:42', '2022-01-05 18:09:56', NULL, 'blog_images/hhgYmXWovWczx64xL4dT6bbBEq315eiYs0HMTv43.png', 'blog_images/cDWoj9D6oub7mPwTaq6vruSuZigAPmQomax6JcZS.png'),
(8, 'БУБЕН В СТРОЙОТРЯДЕ', '<p>После первого курса Бубен завербовался в стройотряд. Можно было, конечно, вписаться на Семикаракорский консервный завод, но это развлечение для ботаников, алкашей и лентяев-бабников. Стройотряд же &ndash; это жесть и школа жизни. Поэтому в том печальном обстоятельстве, что славный завод \"Атоммаш\" по пизде пошёл, есть скромная лепта нашего героя.</p>\r\n<p>На \"Атоммаше\" бубновский отряд постоянно наёбывали, разумеется. Ставили на самые копеечные работы. Типа: укладка камня бордюрного, оборудование подушки песчаной под дорожное полотно, уборка строительного мусора с отноской на расстояние до 50 м, уборка строительного мусора с отноской на расстояние свыше 50 м. Бубен не унывал и работал за троих. Однажды отряду поручили зачистить от мусора невъебенно глубокий и сырой подвал. Зачистили без проблем, однако подустали. Осталась маленькая последняя кучка в самом тёмном и сыром углу. При её осмотре выяснилось, что она состоит: из нескольких лохмотьев стекловаты, остатков цементного раствора, ватной куртки, в которую был завёрнут труп собаки марки \"дворняга\" средних размеров.</p>\r\n<p>Собачка уже дала обильный сок, пропитавший и ватник, и стекловату. Грузить этот цимес в носилки было противно даже лопатой.</p>\r\n<p>Бубен о ту пору уже полчаса, как курил.</p>\r\n<p>- Слышь, пупыристый, нагрузи последнюю порцайку, христом-богом прошу &ndash; обратился к Бубну Собачкин. Бубен попросил лопату.</p>\r\n<p>&ndash; Да там руками легко покидаешь, - ответил Толик. Борец-тяжеловес потопал в угол, вдвинул руки в кучу мусора. Куча аппетитно чавкнула.</p>\r\n<p>&ndash;Ыыыть бляаать!!!</p>\r\n<p>Собачкин был наготове. Останки неизвестного Бобика со свистом пересекли помещение и прилипли к стене, где только что стоял Толик. Сам он был уже далеко. До конца дня Собачкин в зоне видимости Бубна не появлялся. Василий Иваныч попробовал было подбить пострадавшего на мытьё рук собственной мочой с целью нейтрализации трупного яда, но был Бубном отловлен и немного зверски запытан.</p>\r\n<p>На день строителя несколько атоммашевских отрядов запланировали курбан-байрам с выпивкой и плясками. У окрестных пейзан было закуплено должное количество баранов, свиней и гусей-курочек (часть пернатых была спижжена, чисто из спортивного интереса). К вечеру праздник вошёл в основную фазу. Студенты сидели вокруг костров, глотая слюнки. Никто не хотел проебать свою порцию шашлыка или шулюма. Поэтому в палатках было пусто и интимно. Этим воспользовался Толик Собачкин. Поручив бдеть за своей порцией верным друзьям, он уединился в палатке с одной шустрой студенточкой с химфака. Снаружи доносилась приятная музыка. В палатке было темно и романтично. Химица умело сосала Собачкин конец. Толик томился в неге. Лепота! Никто, по идее, не должен был ввалиться в помещение и обломать кайф.</p>\r\n<p>Ага, бля! А вот хуй! Полог палатки отлетел в сторону, и на пороге возникла бегемотообразная туша. Толик затих, девчонка не могла ничего вякнуть по определению. Оставалась надежда, что Бубен возьмёт, чего ему там надо и свалит обратно. Ан нет. Бубен, не замечая греховодников, протопал к своей кровати в центре палатки и грузно плюхнулся на сетку.</p>\r\n<p>-Ыыыть бляаать!!!</p>\r\n<p>Перевёрнутое ведро под кроватью, заботливо инсталлированное Виталиком Клевцовым,&nbsp; встретилось с жопой гиганта и причинило ей некоторое неудобство. &nbsp;&nbsp;&nbsp;&nbsp;&nbsp;&nbsp;&nbsp;&nbsp;&nbsp;&nbsp; Отшвырнув ведро, Бубен вздохнул и снял левый носок. Заботливо расправив аксессуар, он поднёс носок к лицу и с серьёзностью дегустатора обнюхал его. Остался недоволен. Сделал несколько десятков вращательных движений. В процессе носок столкнулся со спинкой кровати, раздался хорошо слышимый стук. Повторное органолептическое обследование Бубна удовлетворило. Он надел левый носок на место и снял правый. С этим дело обстояло хуже. Интенсивное проветривание результатов не дало. Бубен заботливо свернул носок и засунул под матрац. Взамен он извлёк оттуда пригоршню таких же. Сравнительный анализ быстро выявил наименее зловонного кандидата, который и был надет на правую ногу, взамен дисквалифицированного. Греховодники, затаив дыхание, наблюдали за этим действом уже в четыре глаза.</p>\r\n<p>Наступила кульминация. Бубен (О ужас!) снял штаны. Покопавшись в чреслах, он обнюхал руку. Не понравилось. Бормоча невнятные проклятия, Бубен стянул трусы.</p>\r\n<p>Несколько раз всряхнул и поднёс к лицу, стараясь на скудном свету прозреть что-то очень для себя важное.</p>\r\n<p>- Хи-хи-хи, - не выдержала барышня. Бубен втянул голову в плечи, сдавленно произнёс: \"Извенити!\", торопливо натянул трусы и пулей вылетел на свет костров.</p>\r\n<p>&ndash; Те же и слонопатам-эксгибиционист! &ndash; не замедлил прокомментировать Василий Иваныч.</p>\r\n<p>&ndash; Ыыыть бляаать! &ndash; завыл Бубен и ринулся обратно в палатку за штанами.</p>\r\n<p>Толик с партнёршей уже ржали вовсю. Вернуться к теме ебли им удалось только ночью на крыше вагончика-бытовки.</p>\r\n<p>Будете ждать с нетерпением следующей серии? Надеюсь, что да.</p>', 2, '2022-01-05 08:43:04', '2022-01-05 18:09:26', NULL, 'images/thiewmWcAdWv5W1ecyIIc7187MDFqxLy7QARLDCf.png', 'blog_images/Tk0jYbRdQAnpxtQXtyCeaU7V6kascUsRgT4L127v.jpg'),
(9, 'Женя-пиздец и другие', '<blockquote>Я чего это решил накропать небольшую зарисовку из жизни строителей? Да с той единственной целью, чтобы напомнить аудитории, что, кроме манагеров, где-нигде существует ещё и разумная жизнь. А то, блядь, заебали уже до канцура ваши бизнес-планы, презентации, секретарши и корпоративы. Вот уж кто-то верно припечатал: планктон офисный. Жопоротые амёбы с псевдоподиями, тьфу!</blockquote>\r\n<p>Женя-пиздец трудится на крупной фирме по департаменту евроремонта. Гипсокартон, армстронг, паркет-ламинат, вся хуйня. Работает он средне, не хуже, не лучше других, но начальство его ценит. За умение убедить заказчика, что беременный потолок и дверные проёмы без вертикалей и горизонталей &ndash; это неибацца, как концептуально. Заказчики ведь тоже бывают - ебанутые, шопесдетс. Например один такой настоял, чтоб ему в хате евроокна замаскировали снаружи. Дабы перед мафией не палиться. Женя ему облепил рамы шпоном, состарил, как мог, раствором вымазал &ndash; любой бомжатник позавидует. Через месяц глядь &ndash; клиент (видимо, чтоб усугубить маскировку) повесил на стену сплит, а ещё тарелок три штуки пришпандорил. Теперь мафия точно ничего не заподозрит, ага. Женя припомнил, как с окнами ебался, взял пару кирпичей, а на следующий день сам же пошёл стёкла вставлять, за умеренную плату.</p>\r\n<p>Погоняло своё Женя-пиздец заработал своим потом и чужой кровью. Выросший в районе тюрьмы, он сызмальства овладел тайным искусством уличной драки и приобрёл соответствующую психологическую подготовку. Устроившись на фирму и несколько раз посетив с коллегами заведения общественного питания, Женя-с-тюрьмы стал Женей-пиздецом. В отличие от классического типа весельчака-залётчика, который находит приключения не только на свою жопу, но и на жопы товарищей, от Жени страдали исключительно посторонние. Это превращало совместные с ним походы по местам увеселений в искромётные шоу с элементами лёгкого убийства и тяжёлого членовредительства.</p>\r\n<p>Первый раз Женя зарекомендовал себя Пиздецом, когда строители перед посещением ресторана \"Арарат\" забыли стряхнуть с хвоста Андрюшу. Этот худой, обросший разноцветными жидкими волосами, юноша никогда не имел на кармане денег (это ещё и хуй бы с ним), но, кроме того, постоянно дул, и дул много. От водки и двух, спаленных в сортире, косяков Андрюшу жёстко прибарахлило. Подобно бильярдному шару, пущенному рукой пьяного дилетанта, Андрюша носился по кабаку, натыкаясь на стены, посетителей, столики и барную стойку. Когда же, во время очередного вояжа в сортир (от ганджи его почему-то слабило), юноша снёс певца с микрофоном, не дав допеть \"Владимирский централ\", за его дальнейшую судьбу сделалось тревожно. Женя засранца отловил и зафиксировал за столом в углу, однако потом отвлёкся и пропустил момент, когда Андрюша вновь исчез в астрале. Безуспешно обыскав помещения ресторана, Женя вышел на крыльцо.</p>\r\n<p>Крыльцо оказалось немного заляпано кровью (обычное явление для ресторана \"Арарат\"). Решив, что награда таки нашла героя, да ещё по его недосмотру, Женя принялся оглядывать окрестности в поисках хладного трупа. Вместо побитого Андрюши, он обнаружил на крыльце двоих мужчин, которые интенсивнее всех возмущались, когда часом ранее блуждающий форвард заехал одному локтем в салат, а другого окатил его же пивом. Через пять секунд первый лишился передних зубов, а второй орлиного профиля и веры в торжество добра. Крови на крыльце заметно прибавилось. Вернувшись в кабак, Женя-пиздец обнаружил за столом невредимого Андрюшу, который проинформировал товарищей, что выдул во дворе последний косяк, а теперь ему плохо, и он пойдёт домой. \"Да&hellip; Нехорошо с ребятами получилось\", - подумал Женя и по-Евдокимовски добавил вслух: \"Судьба&hellip;\"</p>\r\n<p></p>', 3, '2022-01-05 11:22:34', '2022-01-05 18:20:10', NULL, 'blog_images/aTZKNVU8M7cXdxG53oRsSceBXMFlgQiILjRVfcYt.png', 'blog_images/I3nBfQe48xjovOjQalday2Yydm7Ibqau2CctPBWz.png'),
(10, 'БУБЕН ПОЛУЧАЕТ ВЕРХНЕЕ ОБРАЗОВАНИЕ', '<p>Физика. Коллоквиум. Хуй его знает, почему вульгарная контрольная работа называется таким сложновыебанным словом. Видимо это юмор образованных людей, в которые студенты второго курса не въезжают. Бубен не въезжает и в физику как таковую. Ну и поебать, ведь Игорь Бубнов &ndash; вице-чемпион РСФСР среди студентов по вольной борьбе в абсолютной категории. А значит, доцент Поперченко может засунуть себе в жопу демона Максвелла вместе с остальной термодинамикой. Бубен отчислению не подлежит.</p>\r\n<p>За час напряжённого умственного труда Бубен написал в верхнем правом углу тетрадного листка: И. Бубнов,&nbsp; II-2б. И всё. Краткость &ndash; сестра таланта. Поперченко, улыбаясь, манит студента к себе. Бубен, улыбаясь, садится напротив преподавателя. Со скромным достоинством протягивает свой труд. Доцент уважительно берёт листок в руки и внимательно изучает лицевую сторону. Потом переворачивает бумажку и не менее внимательно изучает противоположную. Задумчиво морщит лоб. Потом берёт листок двумя руками и тщательно осматривает все четыре торца.</p>\r\n<p>- Бубнов, Вы где писали?</p>\r\n<p>Там же. Бубен сдаёт отчёт о лабораторных работах. Написать отчёт он не успевал, попросил Толю Собачкина. Толян тоже не успевал, пришлось хуярить всю ночь. Для стимуляции мозгов Собачкин убил три штакетины. Доцент Поперченко, ознакомившись, швыряет отчёт Бубну в харю, тот в панике убегает. Упавший отчёт открыт на последней странице, там каллиграфическим почерком Собачкина написано: \"Погрешность измерений получилась дэцельная (просто крошечная)\". Остальной текст, видимо, в том же растафарианском духе.</p>\r\n<p>ТОЭ (это что-то про электричество). Лабораторная работа. В схеме используются силовые конденсаторы (не спрашивайте, что это такое, я в рыло не ебал). Чапаев засовывает одного такого в розетку. Конденсатор, сука, заряжается.</p>\r\n<p>&ndash; Бубен, дружище, дай руку и закрой глаза.</p>\r\n<p>Игорь Бубнов протягивает ладошку и зажмуривается, предвкушая пригоршню семечек (такое бывало). С сухим щелчком злое электричество впивается в ладонь.</p>\r\n<p>- Ыыыть, бляаать!</p>\r\n<p>Василий Иваныч включает съебатор. Ко всеобщему удивлению, Бубен стремительно теряется в противоположном направлении. Оба-на! Оказывается, наш герой испытывает суеверный ужас перед светлой магией лампочки Ильича. Ага, блядь! Вернувшегося из эмиграции Бубна встречает уже Виталик с тем же конденсатором. Даже ебошить молниями яростными бедного страдальца не пришлось. Бубен опять в панике ускакал по коридору (этажом ниже с потолка сыплется побелка).</p>\r\n<p>К следующему его возвращению приготовлен адский девайс. В спичечный коробок засовывается короткий проводок, оголённые концы торчат наружу. Результат тот же. К концу лабораторной воспитание героя-электрика завершено. Съёбывается от простого провода в руках, если оголённые концы хищно нацелены на него. Теперь, ловко выбив стул из под опускающейся на него гигантской жопы, больше не надо прятаться, опасаясь нечеловеческих пыток, доставай проводок из кармана и чувствуй себя, как в танке.</p>\r\n<p>Политэкономия (эта бодяга уже вообще за гранью добра и зла). Лекция. Бубен, уязвлённый своей конденсаторобоязнью, решил посвятить себя учёбе. Старательно записывает лекцию. Пишет он плохо и медленно. Сосредоточен, как на толчке во время запора. Василий Иваныч без задней мысли спрашивает:</p>\r\n<p>- Бубен, сколько на твоих золотых? - У Чапая свидание через полчаса.</p>\r\n<p>- Без семи, - мельком взглянув на часы отвечает Бубен.</p>\r\n<p>Чапай волнуется. Минут через пять:</p>\r\n<p>- Жирный, скока время?</p>\r\n<p>- Без семи&hellip;</p>\r\n<p>Однако! Василий Иваныч по-тихому теряется в направлении своей зазнобы, но эстафетную палочку уже принял Собачкин.</p>\r\n<p>- Скока там, Бубен?</p>\r\n<p>- Без семи&hellip;</p>\r\n<p>Хуле, пацан увлечён лекцией не на шутку, как тетерев на току. Остановившееся время его не настораживает. Собачкин, как товарищ Киров, проводит организационную работу в массах. Благодаря этому, каждые две-три минуты из разных концов аудитории доносится:</p>\r\n<p>- Игорёк, который час?</p>\r\n<p>- Без семи&hellip;</p>\r\n<p>- Спасибо.</p>\r\n<p>- Бубен, время скажи, не томи.</p>\r\n<p>- Без семи&hellip;</p>\r\n<p>Тихая радость наполняет помещение. Доктор Фауст с убитыми насмерть часами марки \"Ракета\" произнёс своё заклинание. \"Остановись, мгновенье, ты &ndash; прекрасно!\" Звонок. Лекция закончена.</p>\r\n<p>- Бубен, так сколька время?</p>\r\n<p>- Без се&hellip; Ыыыть, бляаать.</p>\r\n<p>Военная кафедра. Бубен &ndash; будущий офицер связи. На переменке он и компания играет в интеллектуальную подвижную игру \"Оторви погончики нахуй\". На военку надо надевать стройотрядовскую форму с фальшпогончиками на пуговках. Цель игры &ndash; подкрасться незаметно к оппоненту и резким движением обеих рук вверх оторвать к ебеням погончики вместе с пуговками. Бубен уже лишился своих украшений. Теперь он пытается отловить Виталика и отомстить. Сирена на урок. Бубен пропускает всех в класс, в коридоре остаётся один Виталик. Щас он зайдёт, никуда не денется, за опоздание подполковник Скрыльников выебет по-взрослому. Бубен становится за дверью и нетерпеливо ждёт. Ага, вошёл. Бубен хватает поганца за погоны и дёргает. Погоны, разумеется, отрываются нахуй.</p>\r\n<p>- Хуясе! &ndash; подумал подполковник Скрыльников, - жена только вчера пришила!</p>\r\n<p>Он медленно и опасливо поворачивается. Бубен залип в ступоре, почему-то с поднятыми руками.</p>\r\n<p>- Что это было, Бубнов?</p>\r\n<p>- Ыть блять, - виновато прошептал террорист и протянул погоны владельцу.</p>\r\n<p>- Ну, понятно так объяснил, красноречивый ты мой, пиздуй на место, - удовлетворён офицер.</p>\r\n<p>Следующие две недели Бубен всё свободное время посвятит ремонту коллективной системы приёмо-передачи для обучения морзянке. Подполковник Скрыльников до самой пенсии при входе в помещение будет незаметно креститься.</p>\r\n<p>В следующей серии: Бубен в общаге. Если влезет в три страницы ворда, серия будет последней.</p>', 2, '2022-01-05 12:26:23', '2022-01-05 18:10:40', NULL, 'images/Q0LzRnmLjeTT5wA967Wt8MyYaTbZojqPQgDmk3Ih.png', 'blog_images/aSoA4krnBUCQHJlvmj3Bs41zn9VR5zcO9KLa8ovn.png'),
(11, 'БУБЕН СРЕДИ ЛЮДЕЙ', '<p>Как неибаца спортивный чемпион, Бубен с первого курса ни разу не мыкался по съёмным углам, а жил в общаге, на четвёртом этаже. Вот сидит он перед открытым окном и нюхает горячий майский ветер, пахнущий цветущими абрикосами. Комната у Бубна аккуратная, только что отремонтированная. Это если не смотреть вертикально вверх. Если же посмотреть, то ощущение чистоты и благолепия немного портится. Почему? Потому что через весь белоснежный потолок тянется коричнево-жёлтое пятно. Как будто там прикорнул грязный пьяндыга и немного уссался. Конечно, на потолке спать &ndash; это нонсенс.</p>\r\n<p>В те времена столько не курили. Так в чём же дело? А вот в чём. После завершения ремонт необходимо обмыть. Это даже не обсуждалось. Водки поэтому было много. Закуски, согласно закону всеобщей симметрии, мало. Недостающие калории добывали с миру по нитке. Так и заехала на банкет эта левая банка с кабачковой икрой. То, что икра левая, стало ясно сразу после открытия. Пахла она. Решено было её наладить за пределы помещения через окно. Для этого пришлось свет погасить. Дело в том, что такой народный итальянский способ избавления от ненужных вещей был очень опасен. Внизу находилось домовладение многочисленной и очень агрессивной казачьей семьи. Тупые торгаши-помидороводы, ебать их некому. Однажды некоему пятикурснику пришлось даже в больничку залечь через этих барыг. Подумаешь, арбуз гнилой оказался. Килограмм на 8. Как оказалось, такая ягода, упавшая с пятого этажа, проминает крышу новой \"пятёрки\", приобретение которой казаки отмечали третий день подряд, до самых сидений.</p>\r\n<p>Так вот, Бубен тогда погасил свет, отрыл окно и плавным жестом гранатомётчика отправил банку в последний путь. Литровый сосуд по-тихому ушёл в ночь. Выждав положенное время, свет зажгли обратно. Затейливый аромат заставил всех воздеть очи к небу. На свежевыбеленном потолке, повторяя размах Бубновой десницы, налипла коричневая субстанция, источавшая вонючие миазмы.</p>\r\n<p>- Ыыыть, бляаать!!! &ndash; завыл Бубен на полную луну.</p>\r\n<p>Как утверждалось выше, Бубен сидит у окна и, за каким-то хуем, нюхает ветер. Скучно ему. Вдруг раздаётся голос Чапаева.</p>\r\n<p>- Бубен, Бууубен!</p>\r\n<p>- А?</p>\r\n<p>- Хуй на, иди к нам.</p>\r\n<p>- А вы иде?</p>\r\n<p>- У входа, на лавочке, спускайся, девок за жопы пощиплем.</p>\r\n<p>Пиздит Чапаев. Кричит он из окна кухни третьего этажа. Бубен проверить этого не может. Тополя густыми кронами скрывают вход в общагу. Тык-дык, тык-дык, тык-дык, - это бегемот-спортсмен ускакал вниз по лестнице. Через пять минут:</p>\r\n<p>- Бууубен, ты где?</p>\r\n<p>- Да здесь же на лавочке!</p>\r\n<p>- Ну и какого хуя ты, еблан, там делаешь?</p>\r\n<p>- Ыыыть, бляаать! - тык-дык, тык-дык, тык-дык, - в обратном направлении. Не поймал, Чапаев перешёл на нелегальное положение.</p>\r\n<p>Как-то раз Бубен задумал испить чайку. Пришёл он, значит, на кухню, а там &ndash; вся троица в сборе. Хорошо, есть с кем поговорить. Бубен включил газ и влился в беседу. На кухне находились также две первокурсницы с чайником. Их присутствие могло осложнить предстоящую комбинацию. Проблему решил Собачкин.</p>\r\n<p>- Девчонки, вы макароны любите?</p>\r\n<p>- Чо?</p>\r\n<p>- Гениталию через плечо. Ну, в принципе, употребляете?</p>\r\n<p>- В принципе - кушаем.</p>\r\n<p>Собачкин открыл девчачий чайник и высыпал туда полпачки вермишели. Девчонки почему-то обиделись и ушли. Операция началась.</p>\r\n<p>В процессе дискуссии Виталик Клевцов незаметно погасил конфорку под чайником спортсмена. Это обстоятельство Бубен обнаружил минут через пять. Сказав: \"Ыть блять\"&nbsp; он снова затеплил огонь. Следующим перекрыл газ Собачкин. Его Бубен немного помучил, выворачивая ручки-ножки из суставов. Гашение огня повторилось ещё пару раз. Бубен сделал аферистам последнее китайское предупреждение. Серьёзное и зловещее.</p>\r\n<p>Поэтому после очередного отключения Виталик и Собачкин сдрыснули по коридору в разные стороны. Бубен выбрал Виталика и погнался за паршивцем. Чапай быстро вылил воду из чайника и вернул его на место. Никого не поймавший Бубен вернулся на кухню, разжёг пламя посильнее и продолжил с Чапаем неторопливую беседу о преимуществах жигулей пятой модели над аналогичным дерьмом седьмой модели (кстати, до сих пор не знаю, чем эти изделия отличаются друг от друга). Минут через десять чайник зловеще зарычал и уронил на плиту отпаявшийся носик.</p>\r\n<p>- Хуясе, - подумал Бубен и схватился за ручку голой ладонью.</p>\r\n<p>- Ыыыыыыть, бляааааааать!!!</p>\r\n<p>Чапаев в общаге пару дней почему-то не появлялся. Домой потянуло. К маме.</p>\r\n<p>Танцы в общаге происходили почти ежедневно, в кармане коридора. Бубен всегда принимал участие. Плясал в манере, кто помнит, певца с фигурой Аполлона по имени Сергей Крылов. В тот вечер человек тридцать дёргались под какую-то диско-хуйню. Из ближайшей комнаты, перекрывая диско ревел Назарет или что-то в этом роде. Там проживал Вася Толкач. У него что-то не сложилось на женском фронте, поэтому Вася хандрил уже третий день. Заходить к страдальцу было опасно, он уже допился до белочки, швырялся бутылками и ножами-вилками. Танцующие смирились с двойным саундом. Вася &ndash; не смирился. Он выскочил на танц-пол и с криком \"Ебать и пиздить!\" красивым свингом угадал в глаз первой попавшейся пелотке. Девчонка перелетела через площадку, воткнулась Бубну в жопу и затихла в глубоком нокауте.</p>\r\n<p>- Ыть, блять, да шо ж такое!? &ndash; Бубен с минуту въезжал в ситуацию, потом выцепил беснующегося Васю и стал его мучить. Я никогда не подозревал, что двухметрового пацана можно упаковать в брикет, размером с небольшой чемодан. Наружу торчала только голова, ладошки и тапочки. Бубен взял брикет подмышку, подошёл к стене и, постукивая Васиной головой по стене, начал его мягко упрекать:</p>\r\n<p>- Плохо это (буммм), нехорошо (буммм). Девочек бить (буммм) нельзя (буммм).</p>\r\n<p>К тому времени, как Васю у Бубна отобрали, в стене образовалась кровавая вмятина. Надо сказать, что Толкачу экзекуция пошла на пользу. Он вышел из запоя и снова стал полноценным членом общества.</p>\r\n<p>Вообще-то отношения Бубна с самками его вида плохо изучены. Видимо потому, что они в природе редко встречаются. Последний раз одну такую я видел по телевизору.</p>\r\n<p>Она играла в баскетбол за команду ЦСКА, звали её, по-моему, Ульяна Семёнова. К дщерям же человеческим Бубен относился с отцовской нежностью. Встретив какую-нибудь в коридоре, он нежно брал девицу на руки и со словами \"бабец, бабец\" начинал подбрасывать её к потолку. Тут неплохо бывало окликнуть Бубна со спины, причём так, чтобы девица находилась в верхней фазе. Он разворачивался на голос, через секунду \"бабец\" с грохотом рушилась на пол.</p>\r\n<p>&ndash; Извенити, - Бубен поднимал и отряхивал пострадавшую. Этим, собственно, все его отношения с прекрасным полом и исчерпывались.</p>\r\n<p>Интересные отношения были у Бубна с кроватями. Он никогда не садился и не ложился просто так. С криком \"Ыть, блять\" ему надо было непременно прыгнуть на кровать с разбегу. Туша в полтора центнера (учитывая нехорошие носки и редкие помывки в бане) плюхалась на сетку, и долго колыхалась там, пока не успокоится. Чего только не подставляли Собачкин с Виталиком под кровать: и вёдра, и стулья (боком), и даже тазики с водой &ndash; ничего не менялось. За год Бубен разбивал до четырёх кроватей. А как он спал! На это шоу ходили как в кино. Вот Бубен лежит на правом боку. Левый передний окорок закрывает голову. Большой палец правой руки засунут в рот в качестве питательного лакомства. Тут надо подождать минут 15. Не просыпаясь, Бубен подпрыгивает на высоту 1 метр из положения лёжа. В полёте он разворачивается по крену на 180 градусов, причём успевает поменять правый палец на левый. Приземляется, опять таки, не просыпаясь. Бубен вообще редко просыпался. Однажды он за сутки проспал девятнадцать с половиной часов (хронометраж Толяна Собачкина в присутствии двух беспристрастных свидетелей).</p>\r\n<p>Теперь Бубен весит 148 кг и руководит небольшим заводом в Воронежской области, каким &ndash; не скажу.</p>\r\n<p>Фууу! Наконец-то закончилась эпопея про Бубна, как же этот слонопатам мне и вам, уважаемые фтыкатели, анастопиздел. Теперь, наконец-то, можно вернуться к водке, картам, бильярду и женщинам. До новых, надеюсь, не скорых встреч. Ничего доброго, всего страшного.</p>', 2, '2022-01-05 12:27:07', '2022-01-05 18:11:20', NULL, 'images/paSPX8jp4hwRvBRhyCmXbpBSpt0KR2UoB3LnPPMV.png', 'blog_images/rj2mGEq9cPMfeUPEoUc81k3waQnrlKMRHwnN4iSL.png');
INSERT INTO `posts` (`id`, `title`, `content`, `category_id`, `created_at`, `updated_at`, `deleted_at`, `preview_image`, `main_image`) VALUES
(12, 'Ёлка', '<p>- Новый год на носу, а у нас ни ёлки, ни оливье,- сказала собака.<br />- Ёлка и нииебёт, &ndash; поддакнула кошка.</p>\r\n<p>Смотрю на них - натуральные засранцы. В переносном, конечно, смысле. С гигиеной у них почище, чем у некоторых двуногих. А вот по части разводилова &ndash; это колбасой не корми!</p>\r\n<p>- Вы же майонез не жрёте?!<br />- Нам ёлка нужна, а оливье это для тебя, чтоб спать помягче было.<br />- Без намёков! Я пить между прочим, бросил.<br />- От темы не отходим, вернёмся к зелёной красавице,- поправляет кошка.<br />- Ну собирайтесь, пойдём за ёлкой.<br />- Не, мы в тылу останемся.<br />- Предатели!<br />- Ёлки обычно возле станций метро продают,- намекает собака.<br />- Метро &ndash; это под землёй,- подсказывает кошка.</p>\r\n<p>Делать нечего, пошёл в спальню. Одному-то идти не хочется.&nbsp;</p>\r\n<p>Давно уже зима не баловала хорошей погодой. Всегда у нас слякоть под тридцать первое число. А тут как у Пушкина- мороз, солнце, день чудесный. Правда, это из окна.</p>\r\n<p>Бужу Марину.</p>\r\n<p>- Вставай подруга, труба зовёт.<br />- Может хватит уже?</p>\r\n<p>Но без злобы, а с лучезарной такой, сонной улыбкой.</p>\r\n<p>- Не, за ёлкой пойдём.<br />- У тебя одни ёлки-палки на уме.<br />- Палки вечером,- говорю, - А утром &ndash; ёлки!&nbsp;</p>\r\n<p>Морозец грызанул за щёки. И мы с Мариной бодро поскакали в направлении предполагаемого ёлочного базара. Кругом сновали, гружёные сумками, ёлками, и прочей хернёй, горожане. Я вообще не сторонник всего этого удалого размаха, с каким у нас принято праздновать что бы то ни было. Хотя новый год уважал. Было в нём что-то бесконечно домашнее и сентиментальное. Последние года, правда, я банально просыпал торжественный бой курантов. И не по причине синевы, как могли бы предположить многие. Просто перестал относиться к этому моменту с детской надеждой на лучшее. Привычка быть кузнецом своего счастья слишком рано победила во мне Деда Мороза.</p>\r\n<p>- Вон там ёлки.</p>\r\n<p>Марина махнула рукой. Я послушно повернул на право, и через пять минут мы стояли среди множества кричащих детей, молчаливых ёлок, очумевших родителей, двух хачекянов и одной автомашины марки Жигули блевотно-зелёного цвета, выкрашенной маховой кистью. Это многообразие животного и растительного мира нашей планеты предстало передо мной во всей предновогодней красе. Мне стало немного тошно.</p>\r\n<p>- Ёлку подбери нам попушистее, - попросил я ближайшего ко мне продавца.<br />- Э дарагой, всэ как на падбор!</p>\r\n<p>Я сплюнул, и покосился на Марину. Та напротив очень весело взирала на этот дурдом.</p>\r\n<p>- Тогда ты помоги, я буду добытчик, а ты критик.</p>\r\n<p>И шагнув в хвойную массу я вынул первую жертву.</p>\r\n<p>- Да ну,- Марина замахала руками,- Какая-то она драная, как хвост у твоей собаки.</p>\r\n<p>Хорошо, что она не слышит, думаю, а то бы Марина запросто могла про себя что-нибудь новенькое узнать. Хотя, конечно, вряд ли,&nbsp; друг к другу они относились с взаимной симпатией.</p>\r\n<p>Когда через мои руки прошло ёлок двадцать, я убедился, что они действительно были &laquo;всэ как на падбор&raquo;. А именно - уёбищные.</p>\r\n<p>- Вы их что, из бараньих рогов клонируете?</p>\r\n<p>В сердцах бросил я продавцу, выбираясь, по проделанной мною просеке, к Марине.</p>\r\n<p>- Ну чего делать будем?</p>\r\n<p>Спросила та.</p>\r\n<p>- В лес поедем.<br />- За ёлкой?<br />- Нет, за дедом морозом!<br />- А разве можно рубить самим?<br />- Тебе ёлка нужна или нет?<br />- Мне не помешает, но вообще-то с ёлкой ты муть поднял.</p>\r\n<p>А точно ведь! Это же четырёхногие меня с панталыгу сбили.</p>\r\n<p>- Что, ни адна нэ падашла?</p>\r\n<p>Удивлённый хачекян подал голос откуда-то с права, из хвойных зарослей.</p>\r\n<p>- Полный дерибас с твоими ёлками.<br />- Ай, нэправда, зачем абижаешь?</p>\r\n<p>&laquo;Хули я с ним, мудаком, разговариваю&raquo;, подумал я и взяв Марину под руку порулил к дому.&nbsp;</p>\r\n<p>На подходе, отдал ей ключи, попросив подогнать машину со стоянки.</p>\r\n<p>- Я зимой не ездила ни разу.<br />- Попрактикуешься.<br />- Да ну тебя, ещё не дай бог чего!<br />- Хорошо, вместе пошли.</p>\r\n<p>Действительно, думаю, чего это я?&nbsp;</p>\r\n<p>Сижу в машине. Марина вокруг порхала, сгребала снег, раскраснелась &ndash; согрелась видать. Дублёнку на заднее сиденье скинула. Натуральная снегурочка. Я же, злой на весь белый свет, замёрзший &ndash; кутаюсь в воротник как подмосковный немец.</p>\r\n<p>- У тебя телефон.</p>\r\n<p>А я и не слышу. Кому я ещё нужен? Смотрю, номер домашний. Ну, сейчас будет цирк.</p>\r\n<p>- Да?<br />- Как там с ёлкой?</p>\r\n<p>На проводе кошка.</p>\r\n<p>- Мимо.</p>\r\n<p>Надо говорить, чтоб ещё Марина не пропасла, с кем это я там базарю.<br />- Кто это?<br />Ревниво затыкала она меня в бок. Ну вот, началось.</p>\r\n<p>- Вован это,- ей говорю.<br />- Слышь, Зорге, мы тут с собакой чуть-чуть похулиганили.<br />- Что там у вас?<br />- Решили оливье забацать, и случайно всю колбасу схомячили.<br />- ЧТОО?! - Марина аж подпрыгнула, как я заорал,- Там же кило с довеском!<br />- Нам показалось с начала, что она подпорченная.</p>\r\n<p>И тему развивать нельзя, Марина беспокоится уже, снегурочку нельзя расстраивать &ndash; растает.<br />- Ладно, я учту.</p>\r\n<p>Говорю как можно более равнодушно. Сам на Марину кошусь, та строит недовольные рожи. Пытаюсь жестами показать, что Вован на кочерге. Получается не очень. Рядом чувак какой-то тоже прогревается на &laquo;классике&raquo;, на мою пантомиму смотрит через замерзшие стёкла с явной классовой неприязнью.</p>\r\n<p>- Давай теперь для легенды, про алкоголь чего-нибудь,- советует кошка.<br />- Не, выпить никак, извини Вован!<br />- Скажи ему, что ты не пьёшь больше! - шипит на ухо Марина, - Он пьяный, он поймёт!</p>\r\n<p>Господи! Женщины хоть понимают, что они иногда говорят?</p>\r\n<p>- Не, не, я не могу, у меня, эта - абстиненция!<br />- Попринимай трихопол!</p>\r\n<p>И захохотав кошка повесила трубку. Вот ведь сволочь! Ладно, сейчас вам будет ёлка с колбасой&hellip;</p>\r\n<p>- Подожди в машине, я мигом. Тебе взять чего-нибудь?<br />- Косметичку захвати.<br />- Мы в лес едем.<br />- Да шучу я, термос возьми с чаем.<br />А вот это мысль! Я бы и не вспомнил о таком благе цивилизации.</p>\r\n<p>Захожу в квартиру. Сидят перед дверями, вурдалаки.</p>\r\n<p>- Значит так, будете отрабатывать колбасу на лесозаготовках.<br />- Это как это?</p>\r\n<p>Подозрительно спрашивает собака.</p>\r\n<p>С кайлом в зубах.<br />- А если поймают?<br />- Скажу, что я у вас в заложниках. Рубил под угрозой расправы.<br />- А с колбасой как быть?<br />- А ну хватит ахинею нести, быстро собираемся!<br />- Ты пилу возьми, стук топора издалека слышно, а пила почти не шумит, - советует кошка. Ну вот в кого они такие умные?<br />- А влезет ёлка в машину?<br />Собака тоже проявляет подозрительное участие.<br />- Мы же не сосны корабельные едем валить. Рубанём что-нибудь в районе метра.<br />- Жалко!<br />- А колбасу не жалко?<br />- Но и ты пойми, хотели-то как лучше!</p>\r\n<p>Я махнул рукой и полез за инструментом.</p>\r\n<p>Машин на дороге было мало. Собака пялилась в окно, кошка дремала у Марины на коленях. Я настроил &laquo;климат&raquo;, чтоб на неё дул горячий воздух и она откровенно балдела. Мы с Мариной, посмеиваясь, вспоминали наш неудачный поход за ёлкой, я как бы невзначай стал гладить её по коленке. Кошка сразу же недовольно зафыркала. Я рукой тёплый воздух перекрывал. Сказать бы ей что-нибудь, да боюсь ответит&hellip;</p>\r\n<p>Отъехав прилично (от города), я свернул на какую-то лесную дорожку, благо снега на ней было немного. Пришлось углубиться на приличное расстояние, чтоб машину не было видно с трассы. Зимой, оказывается, лес так хорошо просматривается!</p>\r\n<p>Так, я в лес, вы сидите в машине.<br />- Может выпустить животных прогуляться?<br />- Хорошо, только если что, ты их искать будешь.<br />- Да они не убегут, я иногда думаю, что они у тебя всё прекрасно понимают.<br />- Даже чересчур.</p>\r\n<p>Взяв пилу, я побрёл в лес. Вот как раз там то снега было достаточно. Ходил я наверное с час. Пару раз провалился в припорошённые окопы, матеря себя на чём свет стоит за неуклюжесть. Снег набился в ботинки. Елок не было. Нет, конечно ёлки были, но совсем не те, какие бы хотелось мне. Чтоб их везти нужен был лесовоз.</p>\r\n<p>- Эй мужик, ты чего тут с пилой?<br />Я обернулся на окрик. Двое деятелей в полушубках, на лыжах и с немецкой овчаркой.<br />- Поссать пошёл.<br />- Ага, ****и, ****и. Ёлку ищешь?</p>\r\n<p>При упоминании о ёлке собака зарычала. Натасканная видать. Надо бы её нейтрализовать на всякий случай. Я свистнул.</p>\r\n<p>Чего свистишь?<br />Мужики явно теряли спокойствие.<br />- А вы то сами кто?<br />- А сам не видишь? Патруль ёлочный, таких как ты ищем. Я лесник, а это, - тут он замялся показывая на своего кореша,- В общем тоже лесник.</p>\r\n<p>Вот блин, небось на весь лес только эти двое мудозвонов и патрулируют, и надо же было прямо на них нарваться. Чего ж им ****ануть то?<br />- Не ребята, я не ваш. И ёлки у меня тоже нет.<br />- Давай, давай, оглобли заворачивай. Денег что ли не хватает на ёлку?</p>\r\n<p>Меж деревьев я увидел собаку. Она прыжками приближалась к нам, то проваливаясь в снег по брюхо, то выскакивая из сугробов как пробка от шампанского. Было это похоже на полёт ласточек перед дождём.<br />- Это твоя бежит?<br />Нервно выкрикнул один из мудозвонов.<br />- Моя. Небоись, не укусит.<br />- Да мы то не боимся, - усмехнулся он, - Как бы наш её сам не задрал.<br />- Это вряд ли,- говорю.<br />Собака подбежала и села с права.<br />- У нас тут недопонимание, - её говорю,- Уболтай собрата по экологической нише, чтоб не кусал.<br />Та кивнула и смело направилась к рвущемуся с поводка кобелю.<br />- Слышь, держи своего, а то сцепятся!<br />Закричали лесники.</p>\r\n<p>Последовала серия обнюхиваний и виляний хвостами. Иногда проскакивали какие-то не то порыкивания, не-то повизгивания. Наконец собака повернулась ко мне.<br />- Порядок, нас не укусят, а эти двое, - она махнула мордой на лесников, - Просто на бутылку стреляют, ходят тут, лохов кошмарят. Юридических прав не имеют нихуя.</p>\r\n<p>Лесник державший собаку аж поводок отпустил. Второй просто сел в сугроб с выпученными глазами.<br />- Бля, завязываю, - прошептал оставшийся на ногах.<br />- Ну чего, бириндеи, позвольте откланяться.</p>\r\n<p>Я развернулся и не спеша пошёл по своим следам к машине. Собака в скорости присоединилась ко мне. Незадачливые лесники оставались без движения, пока я их мог наблюдать меж веток и стволов. И только кобелёк жалостно поскуливал нам в след.</p>\r\n<p>- Охмурила, значит, да ещё и при исполнении, - подъебнул я собаку, - Не влюбилась сама-то?<br />- Есть немножко&hellip;<br />- Может вам, &laquo;чё-как&raquo; погулять пока?<br />- Не, холодно, обещала, что летом заедем, так что с тебя причитается.<br />- Замётано! А ты ведь сегодня хорошее дело сделала.<br />- Какое?<br />- Из-за тебя два человека пить бросили&hellip;</p>\r\n<p>Марина дремала. Кошка балдела. Собака романтически молчала, думая видимо о лете. Ёлки не было.<br />Выехав на трассу я не спеша развернулся и взял курс домой. Надо было торопиться, если стемнеет, то точно ни хера не найти будет. А может и к лучшему, расхотелось мне рубить!</p>\r\n<p>Вскоре меня тормознул гаишник. Предполагая обычное вымогательство перед новым годом я негромко ругнулся сквозь зубы. Кошка привычно повела ухом во сне. В принципе меня нахлобучивать было не за что, но время терять не хотелось. Перепрыгивая через снег, смёрзшийся у обочины в небольшие горные хребты, ко мне приближался гаишник. Шапка была лихо сдвинута на затылок. Пару раз он чуть не ****нулся.</p>\r\n<p>Слы, зёма, тут такая канитель, горючка ёк, своих никого, на дороге этой бляцкой, похоже, хуй не ночевал, - обрушил он на меня свой словарный запас. Вся живность, включая Марину вынырнула из сна и уставилась на эту суету.<br />- У меня дизель.<br />- Ох бляха муха,- зачесал он затылок и заметив Марину всё таки поправился, - Пардон!<br />Я вежливо ждал. Наконец гаишник, видимо проведя нехуйовую рекогносцировку своего серого вещества, предложил другое решение.<br />- Зёма, ты меня подбрось до поста, а то я без связи тут&hellip;<br />И спохватившись добавил:<br />- С наступающим вас, япона мать!<br />Делать нечего, пришлось подвозить. Всё таки новый год.<br />- У какой барбос!<br />- Садитесь, не съест.<br />- Да я сам сейчас кого хошь сожру. Понимаешь, часа два уже тут скачу. Не согреться. С утра не жрал, а на холоде сами понимаете&hellip;<br />- И, что, кроме нас ни кого на дороге? Удивлённо спросил я.<br />- Да на дороге то я минут двадцать, а так всё по лесу шоркался.<br />- А в лес то тебе на кой? Я незаметно перешёл на &laquo;ты&raquo;.<br />- Да за ёлками маханул. Ещё летом присмотрел тут. Знак мы вывешивали периодически, ну и дежурили, так сказать &laquo;за превышение&raquo;&hellip;<br />Я только покачал головой.<br />- Ёлки то срубил.<br />- А как же!<br />У меня стал созревать коварный план.<br />- Далеко до твоего поста?<br />- Километров пятнадцать, дорога только дрянь, меня, пока ехал, два раза кидануло, - он осторожно, косясь на собаку пытался устроиться поудобнее, - Правда я на летней&hellip;<br />- Гнать не будем тогда, - сбавляя скорость ответил я, - Там у меня на задней полке пакет, согреться не хочешь?<br />- Водка?<br />- Вискарь!<br />- Ух ты. Прямо точно новый год.<br />- Стаканы там же. Пластиковые правда. А! И шоколадка ещё где то должна быть. Марин, глянь в &laquo;бардаке&raquo;.</p>\r\n<p>Та подозрительно косясь на меня, чего это я расщедрился, достала закусон и протянула гайцу.<br />Тот уже, маханув в два приёма грамм сто, бодро захрустел шоколадом. Такая видать у них натура, хозяйская - подумалось мне.<br />- А я вот тут женился недавно, - начал он ни с того ни с сего.<br />Смотрю собака мне в зеркало подмигивает, мол, поняла уже что к чему.<br />- Ну и как? Спросил я не оборачиваясь, дорога и впрямь была паршивая.<br />- Да как? &ndash; гаец задумался, потом выпил ещё, - Да никак!</p>\r\n<p>Собака рыкнула. Судя по тому как кошка вскочила выгнув спину то позвала именно её.<br />- Ух ты, ещё и кошара! Ну у вас тут прямо зоопарк!<br />Кошка выразительно глянув на меня перепрыгнула к собаке.<br />&laquo;Ну всё, ****ец гайцу&raquo; почему то весело подумал я.<br />Тем временем наш пассажир &laquo;поплыл&raquo;. Видимо мороз и голод сыграли с ним плохую шутку. Расстегнув куртку, он продолжил беседу:</p>\r\n<p>Я ведь, бляха муха, не только на своей свадьбе побывал. Приглашали меня, бывало, и друзья-товарищи. Даже подруги приглашали. Зачем? Ни тогда, по молодухе, понять не мог, ни теперь тем более.</p>\r\n<p>Всё это стало походить на театр одного актёра, гаец рассказывал повернувшись к животным, отчаянно жестикулируя и корча всевозможные рожи. Те сидели и с трудом, я это спиной чувствовал, сдерживались, кабы чё не ****ануть.</p>\r\n<p>- Но одна была непруха, - продолжал гаец, - Драки не было. Не везло ни хуя. Я как воспитанный на традициях вековых, был уверен, что если свадьба, то непременно кто-то кому-то должен ебач своротить. Такое вот у меня было социалистическое воспитание. Теперешней молодёжи не понять. Романтика пятилеток. Смычка стройотрядов. Догнать и перегнать. Последнее естественно про самогон. Стоп машина, отвлёкся как ***вый танцор на ****ину-балерину. Короче если позагибать пальцы рук и ног, то из всего этого грибкового великолепия символизирующего свадьбы, на которых я отметился как гость, ни одна из них не была омрачена мордобоем. И как-то я уже махнул на это всё рукой, (если уж с коммунизмом ****али, что уж тут об такой херне печалиться), как забросила меня судьба в один ничем неприметный городок. Надо сказать, что и оказался то я там хуй знает по чему. Типа на спор, кто дальше по пьянке на паравозе уедет. Молодость! Ну и я как ***** победил. Но не из-за решимости и воли к победе, а пьяный был в сосиску. И весь свой победный марафон хрючил как свинья, распугивая мерзким храпом культурных пассажиров. И даже майка в те минуты была у меня ни хуя не жёлтая. До сих пор помню минуту пробуждения. Открываю глаза - свет и тошнота. Закрываю &ndash; тошнота и потеря ориентации (в пространстве!). Отсюда делаю вывод, что в начале времён была только тошнота, и так боженьке видимо ***во было, что он единым порывом всю эту канитель земную и отрыгнул вместе с палёной водкой. Ну он то отрыгнул и забыл, ему можно, а мне на перрон ****овать как на голгофу. И только там уже родил и я свою маленькую вселенную.<br /><br />Я признаться сам о***л от такого изложения материала. В гайце явно пропадал актёр с писателем.<br /><br />- Опять увлёкся, лиричное, *ля настроение. Ну хули, стою как Гойко Митич. Торжественно и качаясь. По сторонам смотрю. Смотрел, смотрел, и, наконец, махнув рукой, побрёл в направлении вокзала. Шаг мой был тяжёл а думы ваще неподъёмные. Есть в градостроительстве такой термин &ndash; архитектурная доминанта. Она ещё в музыке тоникой называется.<br /><br />(Тут я, уже не выдержав, заржал)<br /><br />- Так вот эта самая доминанта моих мыслей была такова: &laquo;На хуя мне этот блудняк!!!&raquo; и без всякой музыки. Карманы вывернул, они висят как уши у кролика. Пустые. До дна. А какого хера я хотел? За что пил, то и получил. В ****у Максима Горького!<br /><br />Тут его речь прервала икота. Которую он победил хорошей порцией алкоголя.<br /><br />- И станция ещё так называлась! Дно! Во бля бывает же. Хуйня к хуйне, и мы в говне!<br />После минутной слабости принял решение и потом просто сел в первый паравоз до Питера. Собственно к чему вся эта история то.<br /><br />Гаец явно забыл к чему вёл свой рассказ.<br /><br />- А! Вот на обратной дороге я познакомился с кренделем, ехавшим к корешу на свадьбу. Ехал он из приличных ебеней. Всю дорогу естественно пил, и планка у него периодически падала. Но меня он похмелял исправно. Выслушав мою побасенку, проникся чувством сострадания и твёрдо решил, что к его корешу на свадьбу мы в месте должны идти. Единым фронтом. А если я ещё и подруг боевых организую, городских и начитанных, чтоб семечки не лузгали, то ваще миру &ndash; мир, богдану &ndash; титомир. Ясен пень подруг я ему пообещал безотказных, как трёхлинейки.<br />- Чё страшные такие? &ndash; кошка не вытерпела, но ни кто! Кроме меня это не заметил.<br />- Да не, ****атые бабцы! Кое как добрались мы до дома, - продолжал гаец, - Вскрыв заначку, я честно вернул всё, что он на меня потратил в паровозе, и начал вызванивать &laquo;****атых бабцов&raquo;. Ну и в результате завалились мы на эту свадьбу&hellip;<br /><br />Гаец уже окончательно потерял нить.<br /><br />- Ну и?<br />Я решил не сбавлять темпа повествования.<br />- Там я и подрался&hellip;<br /><br />Гаец спёкся. Он так и уснул откинув голову с пустым стаканом в руке. А жаль, рассказ его меня повеселил. И резко развернув машину, я погнал назад. Главное, чтоб этот генерал свадебный не проснулся.<br />- Давай, бери след, где он эти ёлки спрятал, - подлетая к одинокой гаишной машине сказал я собаке. Марина удивлённо обернулась, но собаченция не моргнув глазом выскочила и поскакала в лес. Я за ней. Ёлки нашлись мгновенно. Я загрузил их в багажник. Благо он у меня большой. Отдельно постарался положить приглянувшуюся мне.<br />- Кесарю &ndash; кесарево, слесарю &ndash; слесарево. &ndash; пробормотал я. Собака одобрительно глянула на меня и тихо, чтоб не слышала Марина, (заднюю дверь я уже закрыл) сказала:<br />- Ну ты стратег!<br />- Не те ребята! Гордо отвечал я.<br /><br />До поста гаишник так и не проснулся. Я бодро забежал в стеклянный аквариум где уже явно витал запах алкоголя.<br />- С наступающим! Гляньте, не ваш там у меня?<br />Гаишники подозрительно косясь всё же пошли со мной.<br />- Ох ты, а мы уж думали пропал без вести! - заржали они. &ndash; Где ты его нашёл такого?<br />- На дороге, где ж ещё. Забирайте и ещё там две ёлки ваши.<br />- Ух ты, вот спасибо!<br />Кое как, под руки, они отволокли его к себе. Я выложил прямо на обочину пару ёлочек. Подбежал гаишник.<br />- Спасибо тебе, выручил! Если, что, ну там, проблемы, заезжай, поможем! И с наступающим!<br />Я тоже поздравил его и, сев за руль, наконец то улыбнулся. Хорошо, когда под новый год случается что-то хорошее. Хотя смутно мне всё же казалось, что что-то я забыл. И только уже приехав домой и валясь от усталости вспомнил, что термос с горячим чаем остался в машине и колбасы мы так и не купили.<br />Но это уже&nbsp;другая история&hellip;</p>', 1, '2022-01-05 12:47:37', '2022-01-05 21:13:27', NULL, 'blog_images/3tpA3LHpoz6bJMkjQaHTNheZDJwXjdcBx0faNopW.png', 'blog_images/daxqsPtsQjVLyVTjtirXDQBA5aT8PyNt45KSRqS5.png'),
(13, 'История последняя', '<p>Подруга очередная, Катя, как-то говорит:</p>\r\n<p>- Может, в Баден-Баден слетаем, развеемся?</p>\r\n<p>- Нахуй, нахуй, - говорю.</p>\r\n<p>Она улетела, а мы остались. Пару дней покеросинил, но не до соплей, а так, для тонуса. На третий день выкинул тормозной парашют, да хуй там был, кореш в гости зашёл, принёс два литра и стропорез. Ну а на пятый день собака меня уже за шиворот в ванную волокла. Заебалась горемычная. Кое-как они с кошкой привели меня в чувство.</p>\r\n<p>- Знаешь, дорогой, пора тебе на природу, подлечить здоровье. &ndash; Кошка говорит.</p>\r\n<p>А я в очень хуёвом состоянии, руки ходуном, постоянно сблёвываю непойми чем, хотя вроде и не жрал ничего... По квартире перемещаюсь, как афробиоробот. Увидел пустые бутылки, аж мотор клинить начало. Действительно, пора на природу.</p>\r\n<p>&nbsp;</p>\r\n<p>- Я на рыбалку хочу&hellip; - сказала собака.</p>\r\n<p>- Рыба, и ниибёт! &ndash; поддакнула кошка.</p>\r\n<p>- Какая рыба, на улице минус пять.</p>\r\n<p>- Самая погода для зимней рыбалки, корюшка прёт сейчас.</p>\r\n<p>- Это вам Затевахин наплёл что ли?</p>\r\n<p>- Тебе ли не всё равно, как раз спирт выветрится на холоде.</p>\r\n<p>&nbsp;</p>\r\n<p>Короче уломали они меня на рыбалку. Я только вот не был ни разу на &laquo;зимней&raquo;. Рыбаков встречал, по городу их много бывает навалено, у метро в основном. Но, как говориться, &laquo;для рыбалки мало страсти - нужны снасти&raquo;. Стал вспоминать, кто у меня из знакомых маньячит по этому делу. Звоню Вовану.</p>\r\n<p>- Вован, привет!</p>\r\n<p>- Здарова, Толик тут к тебе заходил на днях, говорят, не помнит, как ушёл.</p>\r\n<p>- Через дверь ушёл.</p>\r\n<p>- Только проснулся в &laquo;Доме ночного пребывания&raquo;, около Гренадерского моста, - и Вован заржал -&nbsp; Сам то как?</p>\r\n<p>- Да моя опять решила мир повидать, полетела в Баден, блядь, Баден, нахуй.</p>\r\n<p>- &laquo;Твоя&raquo; какая, Света, или Лена?</p>\r\n<p>- Катя</p>\r\n<p>- Ну а ты как всегда, на стакан, значит?</p>\r\n<p>- Слушай, давай без касания морального облика, а?</p>\r\n<p>- Мне-то чего не позвонил, я бы тоже врезал, а то работа заебала хуже жены, блядей бы сняли, я такой шалман знаю на десятой Советской&hellip;</p>\r\n<p>- Вова, мне хуёво.</p>\r\n<p>- Ну всё, извини, чего хотел?</p>\r\n<p>- Ты вроде рыбак у нас, мне удочки нужны, и этот, как его, альпеншток, что ли.</p>\r\n<p>- Ледобур, наверное, ещё пешня и шумовка.</p>\r\n<p>- Это чего такое?</p>\r\n<p>- Ну лунку сверлить.</p>\r\n<p>- Да бля, не даун я, про ледобур можешь не объяснять, пешня с шумовкой, чё за херня?</p>\r\n<p>- Пешня, типа лома, лёд проверять или долбить, а шумовка, это как когда суп варишь, пенку снимаешь, так же, только лёд из лунки.</p>\r\n<p>- Наука!</p>\r\n<p>- А ты думал, тут всё по Сабанееву. На какую рыбу хочешь?</p>\r\n<p>- Вроде говорят сейчас корюшка попёрла&hellip; - неуверенно говорю я.</p>\r\n<p>Собака с кошкой энергично кивают.</p>\r\n<p>- Про мормышки спроси,- напоминают.</p>\r\n<p>Затевахина убью, вместе с Сабанеевым, разумеется.</p>\r\n<p>Короче пообещал он мне помочь со снаряжением. Не имей сто рублей.</p>\r\n<p>&nbsp;</p>\r\n<p>На домашнем консилиуме решили ехать на залив.</p>\r\n<p>- Водку брать?</p>\r\n<p>- Возьми пол банки, но не больше.</p>\r\n<p>- Холодно ведь будет! &ndash; я искренне возмутился.</p>\r\n<p>- Если заснёшь по пьянке, то замёрзнешь.</p>\r\n<p>- А вы на что?</p>\r\n<p>- Может, ещё нарты возьмём, а ты нас впряжёшь?</p>\r\n<p>Это мысль, говорю.</p>\r\n<p>&nbsp;</p>\r\n<p>Самое трудное в рыбалке, это рано просыпаться. Разбудил меня Вован, который завёз всю рыбацкую шлоебень ни свет ни заря. Худо-бедно, но в десять мы были уже на Финбане. Вокруг сновали такие же долбаёбы как и я. Попадались даже те, кто был уже на хорошей кочерге. Из ларька истошный женский вокал орал про то, что &laquo;была любовь&raquo;. Кошка сидела в сумке. Ей пришлось смастрячить что-то наподобие маленькой меховой квартиры,&nbsp; пожертвовав на это дело какую-то старую шубу. Собака чинно трусила рядом на коротком поводке.</p>\r\n<p>- Ты то не замёрзнешь? &ndash; спросил я у неё.</p>\r\n<p>- Да брось, у меня шерсть тёплая, накрайняк &laquo;Иглу&raquo; сложим. &ndash; отвечала она.</p>\r\n<p>&nbsp;</p>\r\n<p>Электричка неспеша несла нас по заснеженным ландшафтам. О чём я думал в эти минуты? Не блевануть бы. Но доехали без приключений, я даже покемарил чутка. Выходить решили с первой группой рыбаков. Я поплёлся за ними следом. Судя по их общению, все они друг друга знали, и разговоры вели про мормышки, прикормку и прочею рыбацкую атрибутику. Должен сказать, что в большом количестве данная тема очень сильно заёбывает.</p>\r\n<p>День обещал быть хорошим. Ветер отсутствовал, солнце припекало довольно сильно и в купе со свежим морозным воздухом производило благоприятнейший эффект на моё самочувствие. Когда вышли на лёд, группа сразу же разделилась на три колонны. Каждая взяла свой курс. Я интуитивно пошёл налево. Минут через тридцать мои поводыри сбились в кучу. Пока они размахивали руками и о чём-то спорили, я их нагнал.</p>\r\n<p>- Чего стряслось? &ndash; спросил я.</p>\r\n<p>- Да вон, льдина откололась, вчера ветер был сильный.</p>\r\n<p>- И чего, может унести?</p>\r\n<p>- Теоретически да.</p>\r\n<p>- Так ветра же вроде нет?</p>\r\n<p>Все посмотрели на меня как на полного мудака.</p>\r\n<p>- Ты давно рыбачишь? &ndash; наконец спросил мужик в пыжиковой шапке.</p>\r\n<p>- Первый раз - с достоинством ответил я.</p>\r\n<p>- Тогда понятно,- засмеялся он, и все тоже заржали как лошади, - Когда почувствуешь, что ветер подымется, чистой воды уже метров сто будет.</p>\r\n<p>- Ладно, хуй с ним, - сказал ещё один рыболов и решительно перешагнул через трещину.</p>\r\n<p>Надо сказать, что если бы не это сборище, я бы и не заметил никакого подвоха, так бы и топал до Котлина. Все тоже пошли следом за отважным рыбаком. Делать нехуй, пошёл и я. Хоть очко и поигрывало, но позориться прилюдно не хотелось. Протопав ещё с пол часа, все вдруг разбежались в разные стороны как тараканы. Я остался один, и пока водил жалом по сторонам, вокруг с остервенением бурили лёд.</p>\r\n<p>- Давай, может, и мы рыбу половим? &ndash; тактично спросила собака.</p>\r\n<p>- Красота-то какая. &ndash; Высунувшись из сумки, сказала кошка.</p>\r\n<p>Я беспомощно повернулся в одну сторону, потом в другую. Заметив это, мужик в пыжиковой шапке махнул рукой. Я осторожно подошёл к нему.</p>\r\n<p>- Туда отойди метров на тридцать, и можешь сверлить, &ndash; сказал он покровительственно, и добавил,- На что ловишь?</p>\r\n<p>- Хуй знает, какие-то червяки.</p>\r\n<p>- Мотыль, - назидательно поправил он, и саркастически пробормотал себе под нос,- Червяки, ишь, рыболовы пошли.</p>\r\n<p>Я попиздовал в указанном направлении. И через честных тридцать шагов скинул с плеча заебавший ящик.</p>\r\n<p>- Всё, нефть здесь!</p>\r\n<p>Кое-как собрав ледобур, начал бурить. Когда бур провалился, аккуратно извлёк его и положил рядом. Шумовкой прочистил лунку. Пока всё получалось неплохо. Из ящика достал удочку, банки с наживкой.</p>\r\n<p>- Мотыля убери опять в ящик, а то замёрзнет, - напомнила кошка.</p>\r\n<p>- Сама смотри не задубей.</p>\r\n<p>Собака понюхала лунку.</p>\r\n<p>- Чё-то рыбой не пахнет&hellip; - разочаровано протянула она.</p>\r\n<p>Я хуйнул одну банку червей в лунку.</p>\r\n<p>- За что ты их так? &ndash; кошка непонимающе уставилась на меня.</p>\r\n<p>- А что, Затевахин с Сабанеевым против?</p>\r\n<p>- Да нет, просто у нас всего две банки было, теперь может не хватить.</p>\r\n<p>- Если вы думаете, что я тут до утренней зорьки, то вот уж хуй!</p>\r\n<p>Размотав леску и нацепив мотыля, я опустил снасть в лунку.</p>\r\n<p>- Я посмотрю чего у других делается,- сказала собака и неспеша побежала прочь.</p>\r\n<p>&nbsp;</p>\r\n<p>- Доволен хоть, что выбрался на природу? &ndash; спросила кошка.</p>\r\n<p>- Есть свои плюсы, но ноги тоже уже подмерзают,- сказал я и, привстав, стал перетоптываться.</p>\r\n<p>- Не шуми, рыба всё слышит, - укоризненно сказала кошка.</p>\r\n<p>- Что ж мне теперь, без ног, как Маресьеву, оставаться?</p>\r\n<p>- Смотри сам, только мне рыбы свежей хочется.</p>\r\n<p>И тут кивок на удочке резко нагнулся.</p>\r\n<p>- Подсекай! &ndash; зашипела кошка как безумная.</p>\r\n<p>Я схватил удочку и со всей дури дёрнул вверх. Потом скинул варежки и трясущимися руками стал выбирать леску. Не пизжу, но холода в тот момент я не чувствовал. Когда, наконец, из лунки на лёд вылетел и заиграл на солнце небольшой окушок, мы с кошкой издали победный кличь. Я отцепил трофей и, насадив мотыля, опять погрузил снасти в воду. Следующая рыбина оказалась корюшкой.</p>\r\n<p>- Ножом её порежь, и на неё же и лови, - посоветовала кошка.</p>\r\n<p>- Откуда же ты такая умная? &ndash; удивился я.</p>\r\n<p>- Самообразование,- с достоинством отвечала она.</p>\r\n<p>И началось. За десять минут я поймал семнадцать хвостов. В основном корюшка, хотя попалась одна приличная плотва и ещё три окуня. Подбежала собака.</p>\r\n<p>- Ого, вы наколотили! Максимум, что видела, это пять рыбин.<br />- У кого?<br />- У этого, в пыжиковой шапке, видать &laquo;бывалый&raquo;.<br />- Новичкам везёт, - подмигнул я.</p>\r\n<p>Через пол часа количество рыбин дошло до тридцати пяти.</p>\r\n<p>- Ну давай ещё с пол часа посидим и домой, а то для первого раза как-то подозрительно кучеряво, - говорю я животным.</p>\r\n<p>Те неожиданно согласились. Хотя мне просто показалось, что подмёрзла меховая братия.</p>\r\n<p>За следующие полчаса попался только в усмерть укуреный ёрш.</p>\r\n<p>Я сложил рыбу в ящик, смотал удочку и взвалил всё на плечо.</p>\r\n<p>- Ну пошли, Сабанеевы.</p>\r\n<p>Проходя мимо &laquo;пыжиковой шапки&raquo; я поймал на себе неодобрительный взгляд.</p>\r\n<p>- Как улов? &ndash; спросил я со скрытым чувством ликования.</p>\r\n<p>Но тот почему то молчал. &laquo;Может не услышал?&raquo;, предположил я. И переспросил:</p>\r\n<p>- Клюёт хоть?</p>\r\n<p>Рыбак скривил недовольную рожу и махнул рукой, чтоб я не мешал. Да и хрен с тобой, подумал я и пошёл к берегу. Когда отошли на расстояние, с которого нас было не слышно, собака сказала:</p>\r\n<p>- У него мотыль во рту.</p>\r\n<p>- Чего? &ndash; не понял я.</p>\r\n<p>- Чтоб мотыль не замёрз, он его во &nbsp;рту греет.</p>\r\n<p>И тут я блеванул. Когда спазмы в желудке закончились, я обтёр рожу снегом, достал водку и прополоскал горло. Пару секунд поколебался - сплюнуть водку или проглотить, но всё-таки выплюнул. Без происшествий мы добрались до берега и по протоптанной дороге вернулись на станцию. Назад ехали в почти пустой электричке. Когда добрались до города, я понял, что очень устал. Тяжесть поклажи, свежий воздух, мороз сделали своё дело. Но хоть и велик был соблазн добираться до дому на тачке, я, логично предположив, что рыбака хер повезут, поплёлся в метро.</p>\r\n<p>- С собакой нельзя,- замахала мне рукой тётка в будке, и добавила, - Без намордника!</p>\r\n<p>Я так заебался, что, повернувшись к собаке, сказал:</p>\r\n<p>- Ответь ей, что-нибудь, у меня сил нет.</p>\r\n<p>Та повернулась к бдительной работнице метрополитена.</p>\r\n<p>- Я вегетарианка, но если будете провоцировать, могу и за ляжку цапнуть.</p>\r\n<p>Мы прошли, не заплатив, мимо бесчувственного тела. Хоть какая-то польза от звериного пиздобольства.</p>\r\n<p>&nbsp;</p>\r\n<p>Дома решил пригласить Марину на жареную рыбу. Точнее, чтоб она пожарила, а потом мы вместе сожрали. Кошка с собакой вытребовали себе сырую. Дал им всё, кроме корюшки. Помылся и пошёл.</p>\r\n<p>&nbsp;</p>\r\n<p>Звоню. За дверью шаги.</p>\r\n<p>- Кто?</p>\r\n<p>- Да я это&hellip;</p>\r\n<p>Дверь открылась. И куда я раньше смотрел? Такая классная баба!</p>\r\n<p>- О, привет, чего стряслось?</p>\r\n<p>- Рыбу я ловил, - ответил я голосом Леонова из &laquo;Джентельменов удачи&raquo;.</p>\r\n<p>- Какую рыбу? &ndash; не поняла она.</p>\r\n<p>- Да на рыбалку ездил, - объяснил я, - Ты корюшку любишь?</p>\r\n<p>- Свежую?</p>\r\n<p>- Ну ясен пень не маринованную!</p>\r\n<p>- Вообще то да.</p>\r\n<p>- Ну тогда пошли ко мне, заодно и пожаришь.</p>\r\n<p>- А приставать не будешь? &ndash; игриво спросила она заулыбавшись.</p>\r\n<p>- Буду, &ndash; честно признался я.</p>\r\n<p>- Тогда грех не зайти, - констатировала она.</p>\r\n<p>Секс после корюшки, что может быть прекраснее? Так я думал, пока Марина колдовала на кухне, а мы (я и животные) смотрели &laquo;ящик&raquo;.</p>\r\n<p>По требованию большинства пришлось зырить Затевахина. Незаметно я заснул.</p>\r\n<p>Разбудила меня собака.</p>\r\n<p>- Телефон!</p>\r\n<p>И точно, из прихожей доносились настойчивые звонки.</p>\r\n<p>Я поковылял на звук.</p>\r\n<p>- Телефон! &ndash; крикнула Марина из кухни.</p>\r\n<p>- Да слышу я, слышу,- недовольно проворчал я и снял трубку.</p>\r\n<p>- Алло!</p>\r\n<p>- Уже нарыбачился?</p>\r\n<p>Звонил Вован.</p>\r\n<p>- Да.</p>\r\n<p>- Ну и как, снасти не проебал?</p>\r\n<p>- Нет, утопил, - серьёзным голосом ответил я.</p>\r\n<p>- Да ты, что!!! Я ж тебе почти коллекционные удочки дал и титановый ледобур!!!</p>\r\n<p>- Не ссы, - успокоил я его наконец, - Всё заебок. Корюшки привёз.</p>\r\n<p>- Ну, бля, ты и мудило,- обрадовался он.</p>\r\n<p>- За снасти спасибо, больше всех поймал.</p>\r\n<p>- А где ловил?</p>\r\n<p>Я рассказал, приблизительно, так как название станции напрочь забыл.</p>\r\n<p>- А давно приехал?</p>\r\n<p>- Да уже часов шесть.</p>\r\n<p>- Везучий! Там как раз льдину оторвало.</p>\r\n<p>- С рыбаками?</p>\r\n<p>- Сейчас любая льдина с рыбаками.</p>\r\n<p>Из кухни раздался Маринин голос.</p>\r\n<p>- Всё готово, можно к столу.</p>\r\n<p>- Ты там не один? &ndash; навострил уши Вован.</p>\r\n<p>- Да, к корюшке ещё русалку зацепил.</p>\r\n<p>- Могу приехать.</p>\r\n<p>- Разрушишь атмосферу доверия и корюшки.</p>\r\n<p>- А как зовут русалку?</p>\r\n<p>- Марина.</p>\r\n<p>- Марина, значит &laquo;морская&raquo;. Похоже, точно русалка! &ndash; завистливо присвистнул Вован, - Ну тогда не буду мешать, рад, что вовремя свинтил.</p>\r\n<p>И он повесил трубку.</p>\r\n<p>Конечно, по уму надо было его пригласить на улов, всё-таки удочки его. Но поймите меня правильно, Марина то одна.</p>\r\n<p>Что ни говори, а жареная корюшка, это пиздато! Превозмогая себя, я налил по полста коньячку. Мы чокнулись. Марина выпила залпом, я же чуть пригубил и тут же быстро поставил рюмку на стол.</p>\r\n<p>- Не можешь уже? &ndash; кивнув на бутылку, спросила она.</p>\r\n<p>- Да чего-то не идёт.</p>\r\n<p>- Видать хорошо погулял?</p>\r\n<p>- Неплохо.</p>\r\n<p>- Твоя то, эта, которая, очередная,- тут Марина засмеялась, - Когда должна вернуться?</p>\r\n<p>- А хрен знает, вроде на неделю улетала.</p>\r\n<p>- А какого числа?</p>\r\n<p>- Какого числа, что? &ndash; всё ещё не понимая, куда она клонит, спросил я.</p>\r\n<p>- Улетела какого числа?</p>\r\n<p>- А сейчас какое?</p>\r\n<p>- Двадцатое&hellip;</p>\r\n<p>Я посмотрел на батарею пустых бутылок, прикинул в уме количество выпитого, рассчитал дни запоя, накинул день на рыбалку.</p>\r\n<p>- Ебать!</p>\r\n<p>В прихожей раздался звонок.</p>\r\n<p>- Ебать!!! &ndash; повторил я.</p>\r\n<p>Марина поняла всё сразу.</p>\r\n<p>- Ну вот и поели корюшки&hellip;</p>\r\n<p>Из комнаты прискакали животные. Слава богу, молча.</p>\r\n<p>- Может мне на балкон пока, а потом незаметно выскочу?</p>\r\n<p>- Ага, разве, что с балкона.</p>\r\n<p>Кошка начинает тихо подхихикивать. Не ляпнула бы чего&hellip;</p>\r\n<p>- Ну так куда мне? &ndash; Марина растерянно стояла посредине кухни. Испуганная и красивая.</p>\r\n<p>- Хуй с ним, давай на балкон.</p>\r\n<p>Я ломанулся в коридор, открывать.</p>\r\n<p>&nbsp;</p>\r\n<p>Подруга выглядела отдохнувшей и обрушила на меня прямо с порога лавину важной и нужной мне информации. Из этого потока я понял, что: у неё отрубили телефон, потому что роуминг очень дорогой, (пиздеть надо меньше, подумал я), отдохнула она прекрасно, в городе очень много &laquo;наших&raquo;, жаль только, деньги быстро кончились.</p>\r\n<p>- Ты же четыре штуки взяла? &ndash; изумился я.</p>\r\n<p>- Знаешь, оказывается Достоевский, однажды, проиграл там всё, что у него было, даже обручальные кольца!</p>\r\n<p>&laquo;Ага&raquo;, - думаю, так же как и ты, идиотка&hellip;</p>\r\n<p>- А чем это так пахнет?</p>\r\n<p>- Пиздюлями это пахнет, - говорю, - Ты что, все деньги просадила?</p>\r\n<p>- Почти. А что такое?</p>\r\n<p>Вот ведь сука!</p>\r\n<p>- А то, что зарабатываю их я.</p>\r\n<p>- Ну ты же разрешил&hellip; - она присела на стул в прихожей.</p>\r\n<p>- Слушай меня стоя! Я разрешил взять деньги с собой, и потратить на дело! А не проёбывать их, как Достоевский. Ты хоть его читала?</p>\r\n<p>- В школе проходили, - пролепетала она.</p>\r\n<p>Подошла кошка. Долго смотрела на нас, потом зевнула.</p>\r\n<p>- Киса, киса, - подруга протянула к ней руку, чтоб погладить и заодно снять нервное напряжение.</p>\r\n<p>- Киса у тебя в штанах, &ndash; отбрила её та и неспеша прошла в комнату.</p>\r\n<p>Как она заорала!</p>\r\n<p>- Что это, что это? &ndash; наконец, прекратив истерику, залепетала подруга.</p>\r\n<p>- Это моя кошка, а ещё собака есть, не забыла за неделю?</p>\r\n<p>- Она, что, тоже говорит?</p>\r\n<p>- А ты у неё и спроси.</p>\r\n<p>- Боюсь.</p>\r\n<p>- Ладно, иди в ванную, смой тлетворное влияние запада.</p>\r\n<p>Когда из-за двери раздался шум воды, я бросился к балкону. Марина уже задубела основательно.</p>\r\n<p>- Пойду я тоже в ванную, - прошептала она, - Греться.</p>\r\n<p>И мы на цыпочках сквозанули к дверям.</p>\r\n<p>На лестничной площадке она спросила:</p>\r\n<p>- А чего это она у тебя так орала?</p>\r\n<p>- Обрадовалась встрече,- уклончиво ответил я.</p>\r\n<p>- Жаль, что так вышло всё, - Марина расстроено хлопнула глазами, - Ну ты всё же не забывай&hellip;</p>\r\n<p>- Постараюсь, &ndash; я обнял её за плечи, прижал к себе.</p>\r\n<p>Куда уж тут, забыть, думаю.</p>\r\n<p>- Пусти, пора мне, - сказала она, не делая попыток вырваться.</p>\r\n<p>- Ага, - я отстранился, но только чтобы посмотреть ей в глаза.</p>\r\n<p>- Ну хватит уже мучить! &ndash; она улыбаясь выскользнула и исчезла за дверью.</p>\r\n<p>Совсем как русалка.</p>\r\n<p>Я прошёл на кухню, маханул стопку, тут же налил до краёв следующую.</p>\r\n<p>- Посуду убери лишнюю, а то видно, что не один ты тут корюшку ел.</p>\r\n<p>Собака кивнула на стол.</p>\r\n<p>- Ты будешь?</p>\r\n<p>- Ну давай, выручу.</p>\r\n<p>Я поставил перед ней Маринину тарелку. Стопку ополоснул водой из-под крана и убрал в буфет. С полотенцем на голове в кухню вошла Катя.</p>\r\n<p>- Ты сердишься?</p>\r\n<p>- Нет, я негодую.</p>\r\n<p>И выпил вторую, налив сразу же третью.</p>\r\n<p>- Я думала, у нас серьёзные отношения, - начала она, но я прервал эту лирику:</p>\r\n<p>- Сериалов не надо, давай, шмотки собирай и проваливай.</p>\r\n<p>- Куда?</p>\r\n<p>- А куда хочешь, можешь в библиотеку, можешь к маме в Екатеринбург.</p>\r\n<p>- Зачем в библиотеку?</p>\r\n<p>- Достоевского почитаешь.</p>\r\n<p>- Значит, ты меня не любишь?</p>\r\n<p>Я знал, сейчас выпью третью, и будет полегче. Будет уже похуй на эти сопли. И я выпил.</p>\r\n<p>- Так любишь или нет?&nbsp;</p>\r\n<p>Катя стояла надув губки, и ждала ответа.</p>\r\n<p>Вместо её я спросил собаку:</p>\r\n<p>- Как корюшка?</p>\r\n<p>- Вкусно, - ответила та, облизываясь. Катя аж подпрыгнула.</p>\r\n<p>Вошла кошка, посмотрела по сторонам, строго зыркнула на подругу.</p>\r\n<p>- Вроде и мокрая, а всё равно не русалка, - и ушла.</p>\r\n<p>- А ты умеешь корюшку жарить? &ndash; теперь я спросил Катю.</p>\r\n<p>- Нет&hellip;</p>\r\n<p>- Ну тогда &ndash; до свидания.</p>\r\n<p>Как я понял, животным тоже больше нравилась Марина.</p>\r\n<p>Не хочется описывать последовавшую за этим часовую истерику. Но, когда Катя вышла наконец на лестницу, и я закрыл дверь, стало мне так хорошо, что ни в сказке сказать, ни пером описать.</p>\r\n<p>Утренние лучи пробивались через занавеску, выхватывая внутрикомнатную действительность. В одном из таких светлых пятен было плечо Марины, безмятежно спящей на моей кровати, в другом &ndash; кошка, свернувшаяся калачиком у неё в ногах. Собака спала на полу рядом. Ну что ж, похоже, пришло время, когда мне наконец придётся бросить пить. Хотя бы на несколько лет.</p>', 1, '2022-01-05 12:55:49', '2022-01-05 18:02:53', NULL, 'blog_images/tCQ62AYBMDvFp5294m2snNrQkl71BqdCt4FZwH02.png', 'blog_images/aVYoWv3oO8OAu7VclQA8aIexpeVdwJF2Vh9DIzzx.png');
INSERT INTO `posts` (`id`, `title`, `content`, `category_id`, `created_at`, `updated_at`, `deleted_at`, `preview_image`, `main_image`) VALUES
(14, 'Отпуск', '<p>В отпуск так в отпуск. Ебись оно всё конём! Решил съездить на юга, дикарём. Поеду один. Нахуй &laquo;пассажиров&raquo;, только я и животные. Куда же я без них. Пропаду, к хуям собачьим! Эти не подведут, помогут добрым советом, может, и покусают кого в критической ситуации.</p>\r\n<p>- Я на самолёте не полечу. &ndash; сказала собака.</p>\r\n<p>- Поезд и ниибёт! &ndash; поддакнула кошка.</p>\r\n<p>Всегда эти бестии мной помыкают.</p>\r\n<p>Ну, тут уж ни чего не поделаешь, поезд так поезд. Поехал в кассы, взял билет до нужной станции. Только вот пришлось купе целиком брать. Да оно и к лучшему. Начнут ещё пиздаболить на людях.</p>\r\n<p>- А тебе кстати надо будет на поводке и в наморднике ехать &ndash; говорю собаке.</p>\r\n<p>- Во, приплыли, я ж не кусаюсь!</p>\r\n<p>- Это ты ещё всему вагону объясни!</p>\r\n<p>- А мне как? В корзинке, с бантиком? &ndash; кошка не может промолчать.</p>\r\n<p>- Если хочешь &ndash; говорю, - организуем.</p>\r\n<p>- Ладно, не остри, Куклачёв на выезде.</p>\r\n<p>- И справки нам не забудь ветеринарные &ndash; собака напоминает.</p>\r\n<p>Так и собирались.</p>\r\n<p>&nbsp;</p>\r\n<p>Приехали на вокзал, стоим в очереди в вагон. Рядом семейства разнообразные, с детьми в основном. Мамаши на собаку косятся. Одна не выдержала:</p>\r\n<p>- Какой пёсик, не кусается?</p>\r\n<p>- Да нет, тем более что в наморднике проблематично.</p>\r\n<p>- А вы, в каком купе?</p>\r\n<p>- В седьмом.</p>\r\n<p>- А лаять не будет? А то мы рядом.</p>\r\n<p>Лаять то, как раз ерунда, главное чтоб стихи читать не начала&hellip;</p>\r\n<p>- Нет, она немая с детства, родовая травма.</p>\r\n<p>Собака на меня смотрит, ну-ну, типа ты ещё попизди. И тут как гавкнет. Мамаша любознательная, аж сумку выронила.</p>\r\n<p>- Вы же говорили, что она немая.</p>\r\n<p>- Чудеса медицины, я её, на прогревания водил, видимо подействовало.</p>\r\n<p>А сам думаю, ну доберёмся до купе, жрать не дам.</p>\r\n<p>- А там кто у вас? Кошка? &ndash; ещё одна показывает на контейнер.</p>\r\n<p>- Кошка, кошка&hellip; - подзаебало меня уже это. Да и жарко. Дети ещё многочисленные активизировались, лезут поближе.</p>\r\n<p>- Не нервируйте собаку&hellip;, да и кошку тоже.</p>\r\n<p>- Отойдите, дядя же сказал.</p>\r\n<p>- Ваши билеты &ndash; я и не заметил, как моя очередь подошла.</p>\r\n<p>Протягиваю ему паспорт, билеты, справки ветеринарные.</p>\r\n<p>- Не шумные? &ndash; проводник кивает на животных.</p>\r\n<p>- Пока не выпьют, вроде ничего, а так песни любят петь, или про рыбалку поговорить &ndash; честно ответил я.</p>\r\n<p>Проводник хохотнул:</p>\r\n<p>- Проходите.</p>\r\n<p>&nbsp;</p>\r\n<p>В купе я разложил вещи, собаку отцепил от поводка, намордник снял. Открыл переносное КПЗ, выпустил кошку. Та сразу всё обнюхала, потом сиганула на верхнюю полку.</p>\r\n<p>- Чего же здесь только не возили! &ndash; собака тоже носом повела.</p>\r\n<p>- Про всякую дрянь мне лучше не рассказывайте!</p>\r\n<p>- О дряни, между прочим, коноплю тут исправно переправляют.</p>\r\n<p>- Так, хватит откровений.</p>\r\n<p>В дверь постучали. Кого ещё там несёт?</p>\r\n<p>- Да?</p>\r\n<p>- Можно? &ndash; мамаша, из любопытных, просунула голову в открытую дверь.</p>\r\n<p>- Ой, без намордника! &ndash; испуганно вырвалось у неё.</p>\r\n<p>- Не бойтесь, не укусит.</p>\r\n<p>- Вы не поможете, у нас багажа много, можно я к вам положу чемодан один?</p>\r\n<p>- Валяйте.</p>\r\n<p>Она сразу же чемодан коричневый пропихивает, заранее приволокла, наглость второе счастье.</p>\r\n<p>- Только если кошка написает, не обессутьте &ndash; кошка сразу недовольно засопела сверху.</p>\r\n<p>- А вы положите туда, где не подобраться.</p>\r\n<p>- Я туда свои вещи положил &ndash; нет, ну вот же наглая!</p>\r\n<p>- А-а-а, ну тогда будем надеяться, что всё нормально будет &ndash; и, улыбаясь, она исчезла.</p>\r\n<p>- Незамужняя &ndash; собака, подождав, говорит.</p>\r\n<p>- Кольца, что ли нет?</p>\r\n<p>- Ну, кольцо, это во-первых, а во-вторых, мужиком от неё не пахнет. Да и сама ничего&hellip;</p>\r\n<p>- Детей у неё вроде двое.</p>\r\n<p>- Тебе ж не жениться, узнай, может, в один город едете.</p>\r\n<p>- Без советчиков обойдусь.</p>\r\n<p>&nbsp;</p>\r\n<p>Опять стук.</p>\r\n<p>- Да?</p>\r\n<p>- Это я опять, а вы ещё чемодан не возьмёте, а то я посмотрела, есть ещё местечко&hellip;</p>\r\n<p>Я развёл руками, что тут скажешь, плохо быть вежливым.</p>\r\n<p>- Давайте.</p>\r\n<p>- А вы всегда вещи под замком держите? &ndash; вопрос явно с целью продолжить беседу.</p>\r\n<p>- Да, привычка от армии осталась.</p>\r\n<p>- А где служили?</p>\r\n<p>- РВСН.</p>\r\n<p>- А что это?</p>\r\n<p>- Ракетчики.</p>\r\n<p>- А говорят, там радиации много?</p>\r\n<p>Господи!!! Как же меня ЗАЕБАЛИ эти вопросы про радиацию!</p>\r\n<p>- Вы не кассиршей работаете?</p>\r\n<p>- Нееет &ndash; недоумённо проблеяла она &ndash; А почему вы спросили?</p>\r\n<p>- Так, аналогии. И ещё вопрос можно?</p>\r\n<p>- Да, пожалуйста.</p>\r\n<p>- Вы не замужем?</p>\r\n<p>- Нет, в разводе. А это зачем?</p>\r\n<p>- Спор вышел небольшой.</p>\r\n<p>- С кем? &ndash; изумлённо спрашивает.</p>\r\n<p>- С самим собой.</p>\r\n<p>- Спасибо &ndash; ледяным тоном отчеканила она и вышла.</p>\r\n<p>Я сообразил, что проголодался. Открыл сумку.</p>\r\n<p>- Тебе два часа без еды, штраф за гавканье на платформе &ndash; говорю собаке.</p>\r\n<p>- Может, все вместе поедим, а то как-то не по-людски &ndash; кошка сверху заступается - Да и чемодан могу обоссать.</p>\r\n<p>- Ладно, чёрт с вами, садитесь.</p>\r\n<p>Только расселись опять стук в дверь. На этот раз проводник. Билеты проверяет.</p>\r\n<p>- Ого! Прям как дрессированые! &ndash; удивился он.</p>\r\n<p>Действительно, картина маслом, у кошки с собакой только что салфетки на коленях не постелены.</p>\r\n<p>- Решили покушать, а то с этими дорожными сборами недосуг.</p>\r\n<p>Собака недовольно рыкнула.&nbsp; Не любит, когда про сук говорят.</p>\r\n<p>- Чая с бельём вам попозже принесу, тута, это, пока то, сё &ndash; и проводник пошёл дальше по вагону.</p>\r\n<p>&nbsp;</p>\r\n<p>Поезд тронулся. Перрон и многочисленные провожающие, в основном мужики, проплывали мимо нас, махая руками, как идиоты. Видимо из вагонов им отвечали дети, и жёны. Пиздато отправить семью куда-нибудь подальше к тёще, а самому&hellip;</p>\r\n<p>&nbsp;</p>\r\n<p>Я раскрыл газету и пробежал передовицу.</p>\r\n<p>- Ну мы есть будем или где? Нам то чая не надо ждать! &ndash; тактично напомнила кошка.</p>\r\n<p>- Да, давайте пожрём &ndash; я закрыл газету.</p>\r\n<p>Пока мы уничтожали каждый своё, было слышно только наши челюсти и стук колёс. Когда первая волна голода прошла, кошка кивнула на дверь:</p>\r\n<p>- Шпингалет отстегни, а то опять чемодан принесут.</p>\r\n<p>И дальше они с собакой изобразили мой разговор с незамужней мамашей копируя наши голоса. Потом заражали. Я тоже посмеялся, очень уж похоже у них получилось. Когда поели, убрал остатки трапезы со стола.</p>\r\n<p>&nbsp;</p>\r\n<p>За окном пролетело Купчино, и пошёл сельский пейзаж. В дверь постучали.</p>\r\n<p>- А вот и чаёк! &ndash; весело провозгласил проводник, входя &ndash; Ой, я вам хотел три кружки дать, больно у вас животные человекоподобные.</p>\r\n<p>Собака хмыкнула.</p>\r\n<p>- Оставляйте, оставляйте &ndash; попросил я &ndash; Я чай люблю.</p>\r\n<p>- Вы это, если им там по делам естественным надо, то уж я не знаю, стоянка первая через несколько часов &ndash; проводник почему-то понизил голос.</p>\r\n<p>- Не волнуйтесь, они у меня чистоплотные &ndash; заверил я его.</p>\r\n<p>- Ну тогда как говорится, счастливого пути!</p>\r\n<p>И он вышел. А я решил лечь спать.</p>\r\n<p>&nbsp;</p>\r\n<p>Разбудила меня собака.</p>\r\n<p>- Через десять минут станция, нам бы выйти надо.</p>\r\n<p>Я пристегнул к её ошейнику поводок, нацепил намордник. Кошку решил взять на руки.</p>\r\n<p>За окном темнело. Это и хорошо, меньше глазеть будут на мой зоопарк. Я открыл дверь и мы пошли в тамбур. Проходя мимо проводника,&nbsp; подмигнул ему:</p>\r\n<p>- Без нас не уезжайте.</p>\r\n<p>- Десять минут стоять &ndash; реагировал он.</p>\r\n<p>Впрочем, всё прошло без эксцессов. Когда шли по вагону назад, какой-то карапуз попросил погладить собаку.</p>\r\n<p>- Дяденька, а можно к вам зайти потом?</p>\r\n<p>- У мамы разрешения спроси только! &ndash; напутствовал я.</p>\r\n<p>&nbsp;</p>\r\n<p>Когда вернулись в купе, собака сказала, что это той самой мамаши ребёнок. Хорошо иметь такой нюх, как-то позавидовал я ей, на что она изрекла сакраментальную фразу &ndash; &laquo;Это для вас запахи, а для нас то &ndash; вонь!&raquo;.</p>\r\n<p>&nbsp;</p>\r\n<p>Кошка запрыгнула наверх и свернулась калачиком, собака улеглась на полу. Я тоже прилёг с книжкой в руке. В дверь постучали. Я закрыл шпингалет, и открыл дверь.</p>\r\n<p>- Можно мне собачку погладить? &ndash; опять тот же карапуз.</p>\r\n<p>- Проходи, только у неё спроси, вдруг она не захочет?</p>\r\n<p>- Собачка, можно я тебя поглажу?&nbsp; - застенчиво и тихонечко малыш обратился к собаке.</p>\r\n<p>Собака подняла голову с пола, посмотрела на меня.</p>\r\n<p>- Ну гладь, что ж с тобой сделаешь&hellip; - устало ответила она ребёнку.</p>\r\n<p>- Она говорящая&hellip; - зачаровано прошептал он &ndash; Дяденька, она у вас говорящая?</p>\r\n<p>Повернул он ко мне своё изумлённое лицо.</p>\r\n<p>- Ну сам ведь слышал &ndash; я не смог не улыбнуться, хоть и не одобрял собачий поступок.</p>\r\n<p>- Нет, ну правда, говорящая? &ndash; малыш отказывался верить в такие чудеса.</p>\r\n<p>- Значит так &ndash; вмешалась собака &ndash; Иди к маме, и скажи, что хочешь покормить собачку колбасой, дядя тебе разрешил.</p>\r\n<p>- И на меня тоже захвати &ndash; с верхней полки кошка свесилась.</p>\r\n<p>Малыш помчался по вагону со скоростью пули и с криком &laquo;Мама, мама, у нас есть колбаса?&raquo;</p>\r\n<p>- И не стыдно вам, сиротки? &ndash; я укоризненно посмотрел на животных.</p>\r\n<p>- Ну а чё минусовать тут в четырёх стенах, хоть пожрём на халяву &ndash; ответила кошка, спрыгивая вниз.</p>\r\n<p>- Ты, когда мамаша придёт, если конечно решит проверить, скажи, что чревовещатель. Заодно и полезный контакт заведёшь.</p>\r\n<p>- Посмотрим ещё.</p>\r\n<p>&nbsp;</p>\r\n<p>В дверь влетел ребёнок, с бумажкой в которой явно была завёрнута колбаса.</p>\r\n<p>- Докторская? &ndash; спросила кошка.</p>\r\n<p>- Не знаю &ndash; пролепетал малец.</p>\r\n<p>И, развернув кулёчек, замер.</p>\r\n<p>Кошка, ловко подцепив кружочек на коготь, отправила его в рот.</p>\r\n<p>- Докторская &ndash; констатировала она, прожевав.</p>\r\n<p>- А можно собачке дать? &ndash; спросил малыш, почему-то у кошки.</p>\r\n<p>- Ей вредно, у неё диета &ndash; заржала кошка.</p>\r\n<p>- Давай, давай, не слушай её &ndash; обеспокоено вмешалась собака.</p>\r\n<p>Через минуту кулёчек опустел.</p>\r\n<p>- Иди за добавкой.</p>\r\n<p>- А можно мне сестре сказать? &ndash; малыш явно не хотел уходить.</p>\r\n<p>- Всем скажи, но возвращайся только с колбасой! - напутствовали два мохнатых негодяя.</p>\r\n<p>Ребёнок умчался в своё купе. А я укоризненно посмотрел на наглецов.</p>\r\n<p>- Совести у вас нет!</p>\r\n<p>- Нам не положено, мы животные &ndash; парировала кошка.</p>\r\n<p>- Любовь, совесть и прочая муть, это ваша прерогатива, а у нас инстинкты &ndash; поддержала её собака.</p>\r\n<p>За дверью нарастала какая-то возня и суета.</p>\r\n<p>- Смотрите, не переигрывайте &ndash; шепнул я и дёрнул за ручку.</p>\r\n<p>- Мама не верит, что они говорят! &ndash; разочарованно начал малыш с порога. Мама стояла позади, скептически поджав губы. Тут же находилась и дочка, на вид старше брата на пару лет.</p>\r\n<p>- Покормите пока собачку &ndash; сказал я и вышел из купе.</p>\r\n<p>Прикрыв дверь, я обратился к мамаше.</p>\r\n<p>- Я чревовещатель, пусть, думаю, детишки порадуются &ndash; начал я.</p>\r\n<p>- А я уж думала, что такое! Прибегает, глаза как блюдца, &laquo;там, у дяди собака разговаривает!&raquo;</p>\r\n<p>- Вы колбасы много не давайте, это я пошутил так.</p>\r\n<p>- Да ладно, не жалко колбасы, тем более я её много взяла, а она портится быстро. А можно мне посмотреть тоже, как это получается?</p>\r\n<p>Я открыл дверь и жестом пригласил её войти. Незаметно подмигнул собаке.</p>\r\n<p>- Очень вкусная колбаса, спасибо дети &ndash; произнесла она.</p>\r\n<p>- Ух ты, прямо действительно будто сама говорит &ndash; вырвалось у мамаши.</p>\r\n<p>- Давайте познакомимся,&nbsp; вас как зовут? &ndash; перевёл разговор я.</p>\r\n<p>- Таня &ndash; представилась она.</p>\r\n<p>Я тоже назвал своё имя. Собака удовлетворённо кивнула.</p>\r\n<p>- Ну, дети, собачке пора спать &ndash; решил я свернуть этот ажиотаж &ndash; Приходите завтра, когда проснётесь.</p>\r\n<p>Дети нехотя попятились, оглядываясь на маму.</p>\r\n<p>- Давайте, давайте - Таня взяла их за руки и повела.</p>\r\n<p>- Если чего, заходите &ndash; успел сказать я ей.</p>\r\n<p>После чего мы все дружно добили трофейную колбасу.</p>\r\n<p>&nbsp;</p>\r\n<p>- Ты бы, это, к Тане то сходил бы&hellip; - лениво прозевала кошка.</p>\r\n<p>- Припрёт, схожу, только вот негде.</p>\r\n<p>- Ну мы можем выйти, типа погулять.</p>\r\n<p>- Вообще, это вариант, подожду, пока дети уснут.</p>\r\n<p>Я порылся в сумке и достал колоду карт.</p>\r\n<p>- Пулю распишем?</p>\r\n<p>Животные охотно закивали. Я сдал карты. Собака держала колоду двумя лапами, аккуратно и ловко доставая нужную карту зубами, кошка же раскладывала их перед собой на столике, прикрывая листом газеты. Довольно быстро кошка стала выигрывать.</p>\r\n<p>Тихо и медленно открылась дверь, заглянул проводник, (эх, блин, забыл я шпингалет отщёлкнуть) и видит, как мы сидим за картами, какое уж тут в пизду чревовещание. Кошка, не отрываясь от карт, медленно произносит:</p>\r\n<p>- Мизер.</p>\r\n<p>Короче, спалились по полной. Проводник молча смотрит на нас.</p>\r\n<p>- Да? &ndash; как можно более равнодушней спрашиваю я.</p>\r\n<p>- Стаканы хотел забрать &ndash; с паузами после каждого слова, сказал проводник &ndash; Да вижу не вовремя.</p>\r\n<p>И также тихо и медленно закрыл дверь.</p>\r\n<p>&nbsp;</p>\r\n<p>Заметно стемнело. Я засмотрелся в зыбкие очертания ландшафтов за окном.</p>\r\n<p>- Ну, играть-то будем дальше? &ndash; без энтузиазма спросила собака.</p>\r\n<p>- Знаешь, чего-то расхотелось.</p>\r\n<p>- Да и дети похоже уснули &ndash; намекнула кошка.</p>\r\n<p>- Схожу я на разведку, а вы не шумите.</p>\r\n<p>&nbsp;</p>\r\n<p>В каком же она купе? Говорила, что где-то рядом. Я тихо постучался. Дверь приоткрылась и выглянула Таня.</p>\r\n<p>- Пойдём ко мне &ndash; сразу начал я.</p>\r\n<p>Она думала не долго. И через минуту мы уже сидели у меня. Я предупредил проводника, что зверюшки потусуются в коридоре, это мол необходимый моцион для поддержания формы. При виде меня проводник нервно дёрнулся, но ни чего не спросил.</p>\r\n<p>&nbsp;</p>\r\n<p>Таня оказалась приятной собеседницей, вполне эрудированной (например, она знала, кем был Гауди и величину валентности водорода). Разговор с ней клеился просто и без натянутых пауз. Выяснилось, что муж Тани оказался честным и обеспеченным человеком. Честным, потому, что уйдя от неё к секретарше добровольно выплачивал &laquo;бывшей&raquo; деньги на содержание, обеспеченным, потому, что сумма была нехилой. Относилась она ко всему по-философски. Всё своё время проводила с детьми и немного скучала по мужскому вниманию.</p>\r\n<p>&nbsp;</p>\r\n<p>Мы неспеша выпили бутылочку вина. Отношения явно начинали перерастать в следующую логичную фазу. И тут началось. Кто-то настойчиво заскрёб в дверь.</p>\r\n<p>- Ну что у нас там? &ndash; я недовольно высунул голову в проход.</p>\r\n<p>- Извини подруга, - глядя на Таню отрапортовала собака &ndash; Не до конспирации.</p>\r\n<p>И тут как заорёт -&nbsp; Кошка отстала от поезда!!!</p>\r\n<p>- Бля! Я вскочил, и, на бегу попадая ногой в кроссовки, всё-таки запутался.&nbsp; Ёбнувшись на пол, пробил коленкой коричневый Танин чемодан, ахуенно грамотно торчащий из под нижней полки.</p>\r\n<p>- Ой! Мой чемодан!</p>\r\n<p>Я проигнорировал её возглас. Какой может быть чемодан в такой момент!</p>\r\n<p>- Когда, где? &ndash; это я уже собаке.</p>\r\n<p>- Только что была остановка, или вы не заметили?</p>\r\n<p>- Сейчас нас интересует стоп кран,- я оставил её намёки без внимания.</p>\r\n<p>- Тогда нам в тамбур. И мы выбежали под звук упавшего тела.</p>\r\n<p>&nbsp;</p>\r\n<p>Когда Архимед изобрёл рычаг, он произнёс- &laquo;Дайте мне точку опоры и я переверну Землю&raquo;. Если бы он увидел стоп кран он бы охуел от того, сколько всего можно перевернуть.</p>\r\n<p>&nbsp;</p>\r\n<p>- Объясни всё проводнику, - пробегая мимо его купе, сказал я собаке.</p>\r\n<p>- Идея конечно не самая лучшая, но другой всё равно нет. &ndash; успела предупредить она.</p>\r\n<p>Я пронёсся дальше в тамбур и дёрнул красный рычаг. Хоть я и был готов к торможению, но даже сам не устоял на ногах. Представляю, что было в вагоне ресторане! Или если кто-то уже пристроился на толчке. С такими мыслями я понёсся в конец поезда. Добежав до последнего вагона, я разыскал офонаревшую проводницу и сказал ей, чтоб открывала дверь. Поезд уже остановился. И мы спрыгнули на насыпь.</p>\r\n<p>- Кто отстал? &ndash; с тревогой спросила она.</p>\r\n<p>- Кошка.</p>\r\n<p>- Кто?</p>\r\n<p>- Хуй в пальто! &ndash; не мог же я объяснять ей, что это за кошка!</p>\r\n<p>- Будете платить штраф, идиот, &ndash; и она полезла обратно в вагон.</p>\r\n<p>Я всматривался в даль, уехали мы не далеко, должна догнать.</p>\r\n<p>- Молодой человек, это вы сорвали стоп кран?</p>\r\n<p>- Да, я, а вы кто?</p>\r\n<p>- Я бригадир поезда, должен предупредить, что если отсутствует веская причина, то ваше действие будет классифицироваться как хулиганская выходка, и вы должны будете выплатить штраф.</p>\r\n<p>- Причина веская, на штраф согласен. Я продолжал всматриваться вдаль.</p>\r\n<p>- А сейчас, я попрошу вас залезть в вагон, и мы продолжим движение.</p>\r\n<p>И тут я увидел её. Вдалеке подпрыгивал маленький пушистый комок.</p>\r\n<p>- Давай родная, жми&hellip; - прошептал я.</p>\r\n<p>- Это, что, ваша кошка бежит? &ndash; удивлённо спросил бригадир стоявшего по моей вине поезда.</p>\r\n<p>- Да.</p>\r\n<p>- Первый раз в жизни такое вижу&hellip; - растерянно пробормотал он.</p>\r\n<p>&nbsp;</p>\r\n<p>Со всего маху кошка прыгнула мне на руки.</p>\r\n<p>- Извини, &ndash; дыша, как компрессор сказала она.- Решила пописать в кустиках.</p>\r\n<p>И глядя на вытянувшееся лицо бригадира:</p>\r\n<p>-А это чё за окунь?</p>\r\n<p>&nbsp;</p>\r\n<p>Появившийся наряд милиции, помог мне загрузить в вагон бесчувственное тело.</p>\r\n<p>- Бежал за поездом, видимо запыхался так, что сознание потерял, - объяснил я лейтенанту.</p>\r\n<p>- Дак это ж бригадир!? &ndash; изумлённо вытаращился тот.</p>\r\n<p>- То-то и оно! &ndash; понижая голос многозначительно произнёс я и начал пробираться к себе.</p>\r\n<p>&nbsp;</p>\r\n<p>Таня была уже в своём купе. Проводник привёл её в чувство после того, как собака привела в чувство его. И все вместе они побежали к её детям. Там и подружились окончательно. Слава богу, всё обошлось. Да и в масштабах поезда особых потерь не было. Хмырь какой-то из СВ только руку сломал. Пока разбирались, кто и зачем дёрнул, страсти поулеглись. И я честно выложил пять сотен бригадиру для окончательного решения вопроса. Час спустя мы уже сидели в нашем купе, на этот раз к нам присоединился проводник, и бригадир поезда. Кошка развлекала их своими хохмами.</p>\r\n<p>- А как узнать сколько лет ежу? &ndash; спрашивала она у аудитории, явно кайфуя от такого внимания. И тут же отвечала:</p>\r\n<p>- Нужно распилить ежа и посчитать годичные кольца!</p>\r\n<p>Ну и в таком духе.</p>\r\n<p>К сожалению, для Тани я утратил интерес. Даже про чемодан свой она у собаки спросила.</p>\r\n<p>- Ой, а чем же мне дырку то заделать?</p>\r\n<p>- У вас есть что-нибудь коричневое, желательно не говно? &ndash; под общий смех обратилась собака к проводнику. Тоже ещё одна звезда разговорного жанра.</p>\r\n<p>- Найдём! &ndash; отвечал бригадир.</p>\r\n<p>&nbsp;</p>\r\n<p>Я вышел и, пройдя в тамбур закурил. Через пару минут пришла кошка.</p>\r\n<p>- Спасибо, что не бросил.</p>\r\n<p>- Ты же знаешь, мы своих не бросаем.</p>\r\n<p>- А, между прочим, едете вы с Таней в один город.</p>\r\n<p>- Давай сначала доедем без происшествий. Я затушил бычок.</p>\r\n<p>Поезд свистнул, проносясь через переезд. Отпуск ещё только начинался&hellip;</p>', 1, '2022-01-05 15:52:14', '2022-01-05 18:00:24', NULL, 'blog_images/2NOPkN5t3R6mjMzloykJcbgSRJSkof93ZxWWGk2g.png', 'blog_images/Mf1uHNh7OYL03Ju3YQG1OewgHAWLcezoSDEzSFtK.png'),
(15, 'Соль', '<p>Соль кончилась. Всегда была, а тут &laquo;на тебе&raquo;.</p>\r\n<p>- Я без соли жрать не могу - сказала собака.<br />- Соль и ниебёт - поддакнула кошка.</p>\r\n<p>Сам я тоже ощутил охуенный недостаток этого минерала в организме, а главное в еде, которую пытался готовить. Раньше за пополнением природных ресурсов следила жена, но уже месяца три, как мы разошлись. Она съебала к&nbsp; молодому и прыщавому студенту заканчивающему последний курс престижного вуза и судя по всему имеющим прекрасное будущее и шанс через пару лет стать менеджером крупного звена. Я сострил, что крупы бывают у лошадей, но жена только самодовольно хмыкнула, после чего получила по еблу, что стало моим разрешением на расторжение брака. Забрала с собой все свои шмотки,&nbsp; диски какого-то Брайана Ферри. Явного гомосека. Знал бы раньше, что она эту хуйню слушает - сжег бы их собственноручно (её и диски). И ушла. А что соль в доме заканчивается - ни хуя не сказала. Я, как натура, подверженная лёгким запоям, тоже не отследил этот вопрос.</p>\r\n<p>Пока с горя пьянствовал, кое какой хавчик готовили кошка с собакой.</p>\r\n<p>- Теперь сам за своими выблядками убирай! &ndash; ещё один из упрёков брошенных мне перед уходом.</p>\r\n<p>Выблядки, кстати вели себя достойно, тут она напиздела. Например, она так и не знала, что они по-нашему разговаривать умеют. И чистоплотные очень были. Пока я неделю куролесил, даже не напоминали о себе. Куда срать ходили, хуй его знает&hellip;</p>\r\n<p>Вообще они у меня самостоятельные, кошка частенько в душе моется, собака та ваще телек фтыкает, в основном правда, про Ивана Затевахина, но хоть не МТВ ебучее. Диалоги о рыбалке они вдвоём смотрят. Обсуждают чего-то потом до хрипоты. Любят футбол.</p>\r\n<p>Ну так вот, пока я зажигал коньячные звёзды, они тихо паслись, где то на вольных хлебах. А как у меня отходняки начались, то засуетились, смотрю, кошка мне бульончик несёт, собака за кефиром сбегала. Одно слово, достойно себя проявили, не то, что жена бывшая.</p>\r\n<p>Вот, какого спрашивается хуя, она сьебалась? Деньги я нормальные зарабатываю, еб её по графику, на маникюры с соляриями всегда реагировал положительно - следи за собой и будешь любима, в затяжное блядство не пускался. Нет же, захотелось ей прыщей молодых подавить. Да и хуй на неё.</p>\r\n<p>Стал я за солью собираться. Оделся. Сказал собаке, чтобы громко телек не врубала и вышел. Утро выдалось морозным. Пожалев, что забыл про шапку (да и про зиму тоже как то забыл), я потрусил к ближайшему магазину. Надо вам сказать, что кассиршей там работает пресимпатичнейшая баба. Лет так за тридцатник, но типаж просто блеск. Я уж давно хотел её на бефстроганоф пригласить, да как-то не срасталось. И вот иду я и твёрдо решаю, что в этот раз заведу знакомство. Купил соль, шампанского пару флаконов, какой-то романтической закуски типа морских ракообразных, ну и просто еды. Подхожу к кассе.</p>\r\n<p>Сидит Она. И народу никого.</p>\r\n<p>- Доброе утро!<br />- Здравствуйте.<br />- Как настроение?<br />- Как обычно.</p>\r\n<p>- Вы до скольки сегодня работаете?</p>\r\n<p>- До восьми.</p>\r\n<p>- Я могу за вами заехать?</p>\r\n<p>- Зачем?</p>\r\n<p>- С целью пригласить на приятный вечер.</p>\r\n<p>- У меня дела.</p>\r\n<p>- В смысле месячные?</p>\r\n<p>- Мужчина, вам пошутить не с кем?</p>\r\n<p>- Какие уж тут шутки, встретил женщину своей мечты, иду ва-банк.</p>\r\n<p>- Вы у меня уже два года коньяк покупаете, и только теперь мечту разглядели?</p>\r\n<p>- Да всё коньяк мешал.</p>\r\n<p>- С чем мешали? &ndash; подъёбывает, это хорошо.</p>\r\n<p>- С любовью к вам.</p>\r\n<p>- Что-то долго собирались.</p>\r\n<p>- Запрягаем долго, а едем - ветер в ушах!</p>\r\n<p>- Ну ладно, приходите после восьми &ndash; внезапно согласилась она.</p>\r\n<p>Ворвался в квартиру, кричу:</p>\r\n<p>- Генеральная уборка!</p>\r\n<p>Пять часов мы приводили хату в порядок. Собака перемыла всю посуду, кошка бельё перегладила. Я тоже принимал активное участие, главным образом безжалостно уничтожая воспоминания о супруге.</p>\r\n<p>- Ну что, сегодня ебаться будешь? &ndash; кошка такие моменты просекает на раз два.</p>\r\n<p>- Планирую, вы только сразу человека не пугайте своими разговорами.</p>\r\n<p>- Чё молчать весь вечер? &ndash; собака из кухни кричит.</p>\r\n<p>- Ну хотя бы в начале помолчите, а то опять про рыбную ловлю начнёте пиздеть, и слова не вставить будет.</p>\r\n<p>Приготовил салат оливье. Ракообразных отварил. Посолил всё. Соль то теперь есть, хули.</p>\r\n<p>- Цветы купи, долбаёб &ndash; кошка, как всегда, дело говорит.</p>\r\n<p>Побежал к метро за букетом. Долго выбирал. Хотелось покорить даму. Решил удивить её розами. Когда принёс букет домой, зверьё морды скривило.</p>\r\n<p>- Это чего, типа нестандартный ход? - кошку эту убью когда-нибудь!</p>\r\n<p>- Вам нихуя не нравится я погляжу? &ndash; разозлился я не на шутку.</p>\r\n<p>- Купил бы понеобычней чего-нибудь.</p>\r\n<p>- Чего?</p>\r\n<p>- Хризантемы или ирисы, баб эти розы уже заебали.</p>\r\n<p>Делать нехуй, побежал опять к метро. На этот раз купил хризантем охуенно яркой расцветки. На контрасте с сугробами смотрелось очень даже ничего. Дома тоже одобрили.</p>\r\n<p>- А чего с розами делать будешь? - собака интересуется с ухмылкой.</p>\r\n<p>- Пойду соседке отдам, у неё вчера юбилей был.</p>\r\n<p>- Толковая мысль! - собака уважительно почесалась за ухом.</p>\r\n<p>Звоню к соседке в дверь.</p>\r\n<p>- Кто там?</p>\r\n<p>- Марина, это я, сосед из двенадцатой.</p>\r\n<p>Открывается дверь, на пороге Марина. Тоже к стати ничего себе баба.</p>\r\n<p>- У тебя праздник был, вот с опозданием, но всё же вручаю букет!</p>\r\n<p>- Ух ты! Спасибо! Проходи.</p>\r\n<p>- Да ну, муж ревновать начнёт.</p>\r\n<p>- Какой муж, я ж два года в разводе!</p>\r\n<p>- Да не, извини, некогда, завтра заскочу.</p>\r\n<p>- Своей скажи, что бы телек не врубала на полную.</p>\r\n<p>- Да мы разошлись.</p>\r\n<p>- Чего это вдруг? Ты же вроде не безобразничал? &ndash; и так с прищуром на меня смотрит.</p>\r\n<p>- Другого нашла.</p>\r\n<p>- Ну и дура! А ты точно зайти не хочешь?</p>\r\n<p>Ну хули ей сказать, ясен пень хочу я к ней зайти, да только вот в другой раз придётся.</p>\r\n<p>- В другой раз, извини, никак сегодня не получается.</p>\r\n<p>- Ну ладно, буду ждать, спасибо ещё раз за цветы.</p>\r\n<p>Так и пошёл я к себе со стоящим хуем. Пока ходил, животные хлеб порезали, колбасу твёрдого копчения, сыр. Открыли банку селёдки и начали вынимать из неё кости. Надо сказать, что лучше кошки кости ни кто не вынимает. Чувствуется знание предмета.</p>\r\n<p>- Лук тогда порежь &ndash; собаке говорю.</p>\r\n<p>- Ты время не проеби, уже без пятнадцати- собака напоминает.</p>\r\n<p>Ломанулся в ванную, побрился на скору руку. И в восемь я был готов.</p>\r\n<p>Тётя нервно перетоптывалась недалеко от магазина.</p>\r\n<p>- А я думала, что вы на машине заедете&hellip; - разачаровано протянула она, обиженно оттопырив нижнюю губу.</p>\r\n<p>- Да тут до меня не далеко! &ndash; главное, чтобы она оглобли не завернула, сила и натиск.</p>\r\n<p>- А я думала, что мы в ресторан поедем&hellip;- опять разочарование.</p>\r\n<p>Что ж ты ссука так много думаешь то? Я в свою очередь подумал.</p>\r\n<p>- У меня замечательный ужин приготовлен, я кулинар по призванию &ndash; засераю ей мозги как могу, она ни с места.</p>\r\n<p>- Ну не знаю, надо подумать&hellip; - пиздец, она, похоже мама буратино, деревянная напрочь.</p>\r\n<p>- А чего думать, пошли &ndash; я под руку её &laquo;цап&raquo; и поволок ненавязчиво, она пошла как маринованая минога, как будто мысли, которые она думает, на месте остались, а только ноги пошли.</p>\r\n<p>- А что за ужин? - мысли похоже догнали.</p>\r\n<p>- Так, креветки, ну&hellip; салатик, шампанское, селёдочка под водочку&hellip;</p>\r\n<p>- Я водку не пью! &ndash; нервно она меня перебила как то.</p>\r\n<p>- Беременные? &ndash; галантно подшучиваю.</p>\r\n<p>- Почему сразу беременные, просто не пью!</p>\r\n<p>- Есть красное вино, чилийское.</p>\r\n<p>Вот ведь блин какая дура оказалась, не угодишь. Может и зря веду, не обломится мне пиздятинки у такой.</p>\r\n<p>Заходим ко мне. Встречать выходят сначала собака, потом кошка. Появляются с паузой в пару секунд из кухни, потом садятся и смотрят. Гостья, глядя на них, произносит два слова, первое, когда выходит собака:</p>\r\n<p>- Собака&hellip;</p>\r\n<p>второе, когда выходит кошка:</p>\r\n<p>- Кошка&hellip;</p>\r\n<p>Я смотрю, у кошки язык аж чешется чего&ndash;нибудь пиздануть. Молчи, думаю, а то тётю сразу в &laquo;карету&raquo; загрузим.</p>\r\n<p>Показал где ванная, вернулся к &laquo;своим&raquo;. Кошка ушла в комнату, а собака сидит, меня ждёт.</p>\r\n<p>- Знаешь - тихо мне говорит, - она, конечно, ничего, но с интеллектом проблемы.</p>\r\n<p>- Главное, чтобы дала, остальное в принципе неважно. &ndash;&nbsp; высказываю свою мысль я.</p>\r\n<p>- И, по-моему, мы с кошкой её тоже не вдохновили.</p>\r\n<p>- Идите, смотрите телевизор, и постарайтесь не ляпнуть чего-нибудь.</p>\r\n<p>- Ага, нет ни чего обычнее, чем кошка и собака, которые смотрят телек. &ndash; &nbsp;и собака, прихохатывая, убралась в комнату.</p>\r\n<p>- С кем ты там говоришь? &ndash; удивлённый голос из ванной.</p>\r\n<p>- Сам с собой, привычка от армии осталась.</p>\r\n<p>- А где служил?</p>\r\n<p>- РВСН.</p>\r\n<p>- Что это такое?</p>\r\n<p>- Ракетчики&hellip;</p>\r\n<p>- Ой, как интересно, а говорят там у ракетчиков радиация сплошная?</p>\r\n<p>- Где? Там? &ndash; как меня заебали эти вопросы про радиацию.</p>\r\n<p>- В ракетах наверное, да и вокруг ракет.</p>\r\n<p>- Нет там ничего, и ракет уже нет, одна бутафория.</p>\r\n<p>- Как это нет, а если война?</p>\r\n<p>- С кем?</p>\r\n<p>- С Американцами.</p>\r\n<p>- У них тоже бутафория, ракеты пластмассовые, а внутри отходы жизнедеятельности.</p>\r\n<p>-&nbsp; А что это такое?</p>\r\n<p>-&nbsp; Это? Говно!</p>\r\n<p>Мысленно я выл. Из комнаты доносилось сдавленое сопение, и только тётя хлопала глазами и ничего не понимала.</p>\r\n<p>- Фу, как грубо - сказала она наконец.</p>\r\n<p>Всё-таки, когда она за кассой сидела, казалась поостроумнее. Проходим в комнату. Я сажаю гостью на почётное место, сам открываю шампанское. Кошка с собакой как истуканы вперились в телек. По телеку футбол. Я, бля, дурень, на автомате как спрошу:</p>\r\n<p>- Кто играет?</p>\r\n<p>- Наши и не наши. &ndash; кошка у меня острит будь здоров!</p>\r\n<p>Тётя хуяк и сразу с копыт. Лежит без движения, как Ленин. Ну что, кричу кошке, спасибо бля, поебался от души! Собака ломанулась за наштырём. Орёт из кухни:</p>\r\n<p>- Где эта вонючая бутылочка?</p>\r\n<p>В дверь звонок. Ебать, это ещё кто припёрся?</p>\r\n<p>- Кто там?</p>\r\n<p>- Я - жена ушедьшая.</p>\r\n<p>- Тебе какого хуя надо? Иди к своему хуесосу, Брайана Ферри ему в жопу засунь!</p>\r\n<p>- Я забыла кое-что, хочу забрать, а он к стати рядом стоит, а то я боюсь, что ты меня уничтожишь физически, в состоянии аффекта.</p>\r\n<p>Собака подбежала, шепчет, чтобы я не открывал, а слал её на хуй вниз по лестнице.</p>\r\n<p>Тётя глаза приоткрывает, нихуя не понимая, крутит головой, одним словом, возвращается из комы. Кошка ей протягивает стакан воды:</p>\r\n<p>- Выпейте, поможет, бля буду&hellip;</p>\r\n<p>Как она заорала! Кошка аж зашипела с испугу, проявила естественную животную реакцию. Кричит мне:</p>\r\n<p>- Она ёбнутая, орёт как телевизор.</p>\r\n<p>- Нехуй языком молоть потому что! &ndash; я пездец какой злой. Кассирша опять отрубилась.</p>\r\n<p>- Что, уже блядей навёл? &ndash; жена самодовольно подъёбывает из-за двери. И кто-то вторит ей прыщавым голосом.</p>\r\n<p>Распахиваю дверь, (откуда у меня бутылка шампанского в руках оказалась хуй его знает), и сразу Брайану Ферри бутылкой по голове, так, на всякий случай, чтоб не мешал потом.</p>\r\n<p>Бывшая тоже заорала. Вбегает в комнату:</p>\r\n<p>- Телефон, где телефон, скорую срочно&hellip; - визжит.</p>\r\n<p>В коридоре стоит собака, и, глядя на неё, спокойным голосом просит:</p>\r\n<p>- Не звоните никуда, бутылка всё равно не разбилась, значит, соскользнула, а сознание он от страха потерял, потому как молодой ещё. А вы забирайте, что забыли и уёбывайте по-хорошему, у нас и без вас полна жопа огурцов.</p>\r\n<p>Та аж засипела, и тоже в отрубон. Из комнаты футбольный комментатор орёт &laquo;ГООЛ!!!&raquo;. С-сука Пошкус забил, когда не надо. Слышу, дверь на лестнице открывается, Марина кричит:</p>\r\n<p>- Да убавь ты свой телек, орёт же как подорванный, ещё и дверь расхлебястал!</p>\r\n<p>Вот только её не хватало тут ещё. Кошка с собакой подходят:</p>\r\n<p>- Ты извини, но мы на балкон съёбываем, а то слишком жарко становится, как в мартеновской печи.</p>\r\n<p>- Уёбывайте, сталевары.</p>\r\n<p>Выбегаю на лестницу. Там Марина с интересом разглядывает будущего менеджера крупного звена.</p>\r\n<p>- Этот что ли?</p>\r\n<p>- Что &laquo;этот&raquo;?</p>\r\n<p>- Новый избранник.</p>\r\n<p>- Ааа, ага, он, пидарас.</p>\r\n<p>- Живой хоть?</p>\r\n<p>- Собака сказала, что ничего страшного.</p>\r\n<p>- Кто?!</p>\r\n<p>- Тьфу, блин, ну одним словом всё нормально, по касательной задел.</p>\r\n<p>- Ну тогда пойду, успокою твою&hellip;</p>\r\n<p>Марина шагнула в прихожую, я молча ждал реакцию.</p>\r\n<p>- Ни хуя себе&hellip;, прямо ледовое побоище! А это то кто?</p>\r\n<p>- Так, знакомая, зашла в гости&hellip;</p>\r\n<p>- Дак это же кассирша из нашего магазина, она то тут за каким бесом? &laquo;Твоя&raquo; её вырубила?</p>\r\n<p>- Да.</p>\r\n<p>- Ты вот что, иди на балкон, перекури, а я тут их приведу в чувство.</p>\r\n<p>Выхожу на балкон, сидят мои красавцы, морды довольные. Я закурил. Через минут десять заходит Марина.</p>\r\n<p>- Всё, все разъехались. Эта, из магазина которая, бегом убежала.</p>\r\n<p>- Спасибо. И, кстати, не хочешь ли шампанского?</p>', 1, '2022-01-05 17:58:24', '2022-01-05 17:58:24', NULL, 'images/B68aSujtKOEisq6iKuEtWbUgYQYhx3al7D6ASUbv.png', 'images/HTLntLIw4YYj00PyWE7ChB0pLbDK9LCoa1w18p8a.png'),
(16, 'Вторая гастроль', '<p>Вторую гастроль Женя-пиздец отчебучил в ресторане \"Мираж\". На этот раз детонатором послужили две мрази, которых приволокли в сугубо мужскую компанию родные братья Иван Урусов и Сергей Жилкин. Как так? Хуем квак(с). Не спрашивайте, не знаю. Но братья родные &ndash; это точняк. Долбоебизм у них совершенно одинаковый, и ничем иным, окромя общих генов, такую идентичность объяснить нельзя. Дабы полностью охарактеризовать братьев, приведу пару примеров. Работая в Ростове на отделке автосалона, они однажды намертво зашили гипсокартоном все двери во вверенном их попечению зале. Когда через зарешеченное окно они поинтересовались у хозяина, как им выйти наружу, тот закурил сразу две сигареты, потом уехал и отказался появляться на объекте одновременно с \"этими ужасными людьми\".</p>\r\n<p>Спустя время, автосалон уже начал потихоньку приторговывать BMW и VW. Братья обнаружили в недостроенном корпусе комнату, доверху набитую автокосметикой. Каждое утро манагеры надраивали ею запылившиеся за ночь лимузины. Комната не запиралась, её содержимое контрабандным образом приезжало из Германии в салонах автомобилей и учёту не подлежало. Вечером братья Поттеры, ополовинив тайную комнату, довольные ехали домой. Иван на заднем сидении тетешкался с огромной коробкой, наполненной разноцветными баночками, Сергей сидел за рулём антикварного \"Форда\". Этот ретромобиль, судя по внешнему виду, принадлежал ещё президенту Никсону, причём бля буду, уотергейтский скандалист приобрёл его на распродаже у наследников Ф. Д. Рузвельта, в Бозе почившего. Перебрав все баночки, и не поняв ни слова из фашистских надписей, Иван по одному ему ведомым критериям выбрал здоровенный белый флакон и протянул брату со словами: \"Стопудово, полироль. Спробуем?\" Сергей ни слова ни говоря скинул колпачок и, встряхнув ёмкость, щедро напшикал на торпеду. Чёрный пластик весело заблестел. \"Заебись, весь салон освежим\", - обрадовался Иван. Через десять секунд намазанная торпеда подёрнулась белёсой дымкой. \"Ничо, приживётся &ndash; обратно заблестит\", - оптимистично решили братья. Через минуту перед Сергеем образовалось бронзовое пятно в серебряных разводах. \"Наебали фрицы, не полироль это нихуя\", - обличил Иван немецкую химическую промышленность. Наморщив лоб и скорректировав критерии, он выбрал серую баночку. \"Вот это точняк полироль, больше нечему быть. Останови, я дверцу чухну, где царапина\", - обратился к Сергею неутомимый исследователь. Жидкость из второго флакона проявила себя сразу, чёрной жирной кляксой намертво прилепившись к бежевой краске. Посовещавшись, братья единогласно решили эксперименты прекратить. Оставшийся путь они проделали в задумчивом молчании.</p>\r\n<p>Неудивительно, что такие вот гиганты мысли притащили на пьянку двух грязных блядей. Впервые оказавшись в приличном заведении, мрази поначалу получили культурный шок и вели себя тихо. Затем, подобно Кисе Воробьянинову, выпили водки и разошлись. Одна стала подпевать ансамблю, другая принялась громко материться и реготать. Со всех сторон на компанию посыпались замечания о недопустимом поведении. Особенно усердствовал коллектив из пятерых военных с соседнего столика. Хотя офицеры были кругом правы, Женя-пиздец в педагогических целях пересел к ним и принялся что-то преподавать, то грозно постукивая указательным перстом по краю стола, то воздевая его к потолку. Допреподавался он до того, что самый пупыристый военный пригласил его выйти вон. Остальные офицеры потянулись следом, заверив строителей, что только проследят, чтобы \"Славик вашего не сильно изувечил\". Служивые были из автобата и обладали классическими \"фигурами шофёра\" &ndash; пузико и жопа. Шансов у них не было. Выйдя через пару минут из ресторана, строители обнаружили чуть поодаль импровизированную окружность, по радиусам которой лежали неподвижные тела, а в центре возвышался Женя-пиздец и продолжал, нравоучительно бубня,&nbsp; чего-то преподавать. Тел было семь, видать, ещё двоих педагог кооптировал со стороны, для ровного счёта.</p>\r\n<p>&nbsp;&nbsp;&nbsp; А недавно к Жене в квартиру ворвались трое грабителей. Будучи подшофе, Пиздец не догадался выгнать их из хаты, и стал мудохать налётчиков внутри, круша собственную мебель и посуду. Из двоих милиционеров, вызванных соседями, один не разобрался в ситуации и переебал хозяина автоматом. За отъём оружия и нанесение побоев сотрудникам Женя-пиздец получил два года, однако коллектив взял ценного кадра на поруки и срок переделали на условный. Имея такую гирю на горбу, Женя попритих и демонстрирует свои аттракционы гораздо реже. Скучновато стало жить в нашем городе завсегдатаям злачных мест.</p>', 3, '2022-01-05 18:20:45', '2022-01-05 18:20:45', NULL, 'images/Q6W3ZEiDABU1FyKT6aiCxfBerooAMvYyLZMhXg0T.png', 'images/pldvlHfU5FA4yDvtG2F32rL6wIiagRSfeHRu47vB.png');

-- --------------------------------------------------------

--
-- Структура таблицы `post_tags`
--

CREATE TABLE `post_tags` (
  `id` bigint UNSIGNED NOT NULL,
  `created_at` timestamp NULL DEFAULT NULL,
  `updated_at` timestamp NULL DEFAULT NULL,
  `post_id` bigint UNSIGNED NOT NULL,
  `tag_id` bigint UNSIGNED NOT NULL
) ENGINE=InnoDB DEFAULT CHARSET=utf8mb4 COLLATE=utf8mb4_unicode_ci;

--
-- Дамп данных таблицы `post_tags`
--

INSERT INTO `post_tags` (`id`, `created_at`, `updated_at`, `post_id`, `tag_id`) VALUES
(11, NULL, NULL, 11, 6),
(19, NULL, NULL, 12, 4),
(31, NULL, NULL, 14, 4),
(34, NULL, NULL, 8, 6),
(36, NULL, NULL, 15, 1),
(37, NULL, NULL, 13, 1),
(38, NULL, NULL, 15, 4),
(39, NULL, NULL, 14, 1),
(40, NULL, NULL, 13, 4),
(41, NULL, NULL, 12, 1),
(42, NULL, NULL, 7, 6),
(43, NULL, NULL, 10, 6),
(44, NULL, NULL, 9, 7),
(45, NULL, NULL, 16, 7);

-- --------------------------------------------------------

--
-- Структура таблицы `post_user_likes`
--

CREATE TABLE `post_user_likes` (
  `id` bigint UNSIGNED NOT NULL,
  `post_id` bigint UNSIGNED NOT NULL,
  `user_id` bigint UNSIGNED NOT NULL,
  `created_at` timestamp NULL DEFAULT NULL,
  `updated_at` timestamp NULL DEFAULT NULL
) ENGINE=InnoDB DEFAULT CHARSET=utf8mb4 COLLATE=utf8mb4_unicode_ci;

--
-- Дамп данных таблицы `post_user_likes`
--

INSERT INTO `post_user_likes` (`id`, `post_id`, `user_id`, `created_at`, `updated_at`) VALUES
(14, 8, 3, NULL, NULL),
(15, 16, 3, NULL, NULL),
(17, 15, 3, NULL, NULL);

-- --------------------------------------------------------

--
-- Структура таблицы `tags`
--

CREATE TABLE `tags` (
  `id` bigint UNSIGNED NOT NULL,
  `title` varchar(255) CHARACTER SET utf8mb4 COLLATE utf8mb4_unicode_ci NOT NULL,
  `created_at` timestamp NULL DEFAULT NULL,
  `updated_at` timestamp NULL DEFAULT NULL,
  `deleted_at` timestamp NULL DEFAULT NULL
) ENGINE=InnoDB DEFAULT CHARSET=utf8mb4 COLLATE=utf8mb4_unicode_ci;

--
-- Дамп данных таблицы `tags`
--

INSERT INTO `tags` (`id`, `title`, `created_at`, `updated_at`, `deleted_at`) VALUES
(1, 'Кошка', '2022-01-03 16:28:07', '2022-01-05 18:03:11', NULL),
(2, 'тег 2', '2022-01-03 16:30:14', '2022-01-03 18:50:13', '2022-01-03 18:50:13'),
(3, 'awd awd', '2022-01-03 18:50:18', '2022-01-03 18:50:21', '2022-01-03 18:50:21'),
(4, 'Собака', '2022-01-03 18:53:46', '2022-01-05 18:03:57', NULL),
(5, 'kjhklj', '2022-01-03 19:26:09', '2022-01-03 19:26:22', '2022-01-03 19:26:22'),
(6, 'Бубен', '2022-01-04 12:52:39', '2022-01-05 21:00:32', NULL),
(7, 'Женя', '2022-01-05 12:42:10', '2022-01-05 21:00:50', NULL);

-- --------------------------------------------------------

--
-- Структура таблицы `users`
--

CREATE TABLE `users` (
  `id` bigint UNSIGNED NOT NULL,
  `name` varchar(255) CHARACTER SET utf8mb4 COLLATE utf8mb4_unicode_ci NOT NULL,
  `email` varchar(255) CHARACTER SET utf8mb4 COLLATE utf8mb4_unicode_ci NOT NULL,
  `role` smallint UNSIGNED DEFAULT NULL,
  `email_verified_at` timestamp NULL DEFAULT NULL,
  `password` varchar(255) CHARACTER SET utf8mb4 COLLATE utf8mb4_unicode_ci NOT NULL,
  `remember_token` varchar(100) CHARACTER SET utf8mb4 COLLATE utf8mb4_unicode_ci DEFAULT NULL,
  `created_at` timestamp NULL DEFAULT NULL,
  `updated_at` timestamp NULL DEFAULT NULL,
  `deleted_at` timestamp NULL DEFAULT NULL
) ENGINE=InnoDB DEFAULT CHARSET=utf8mb4 COLLATE=utf8mb4_unicode_ci;

--
-- Дамп данных таблицы `users`
--

INSERT INTO `users` (`id`, `name`, `email`, `role`, `email_verified_at`, `password`, `remember_token`, `created_at`, `updated_at`, `deleted_at`) VALUES
(3, 'andy', 'a@a', 99, '2022-01-06 14:57:55', '$2y$10$m/42eweW0Qms1NoNH7IRKeypBUTdrdT9NZFBTlHxQuQOR4E2AsbpS', 't3bMyZdj9nzelj11q3xExxQzlFWFfyX35htqiia7RKtX6CDu5GygHAvfO6ct', '2022-01-05 20:01:48', '2022-01-06 14:57:55', NULL),
(4, 'awdawdaw1', 'a@a2', 0, NULL, '$2y$10$l/XFWROiiL1ZCANq3R6SRurj6NhFNmwnPLl068mB2/VWAgXU.hj4K', NULL, '2022-01-05 20:06:36', '2022-01-06 10:35:05', NULL),
(5, 'awdawdaw2', 'awdaw@dawdaw', 0, NULL, '$2y$10$WHPsESmtZexi3fjMszNXk./T23o45HhBIL/a51BP0IfDPdDiKT5Y6', NULL, '2022-01-05 20:42:45', '2022-01-06 10:35:14', NULL),
(6, 'awdawdwad', 'wdawd@awd', 0, NULL, '$2y$10$HL75/8KVCX3wLO5e9PJTXOc5RpfOELKO23l23jNm2b8A18y1S8eOa', NULL, '2022-01-06 13:28:54', '2022-01-06 13:28:54', NULL),
(7, 'adwadawdawdaw', 'adawd@adawdawda', 0, NULL, '$2y$10$V6cxIOr5Up3DVSEFfAUCzu3GrAIESPLMMKdj1Jnzew8atletl4XDS', NULL, '2022-01-06 13:42:37', '2022-01-06 13:42:37', NULL),
(8, 'awdkawjdkljal', 'adkawjdkljalkj@aklwdjlkawjd', 0, NULL, '$2y$10$yGZxdswwiFAuBp8Y7Sz9ouAYpFBXdyXLgO4DMX7M3vc9CQHjzR0m2', NULL, '2022-01-06 13:47:42', '2022-01-06 13:47:42', NULL),
(9, 'a', 'aawd@a', 0, NULL, '$2y$10$8QY.ZxFARyAD1c4BdvDrdehYbh/1WiwyLFw71feiSMNj87lLPrPSO', NULL, '2022-01-06 14:40:58', '2022-01-10 06:34:32', '2022-01-10 06:34:32'),
(10, '123', 'a@aawdawd', 0, '2022-01-06 14:45:55', '$2y$10$EVYOXp/TLtauWRHKtiQbXOL5kHBIz7LhW7Uqz1f/wTLb8qt6.rfPS', NULL, '2022-01-06 14:45:30', '2022-01-06 14:45:55', NULL),
(11, 'awdwadwada', 'awda@awdaw.wa', 0, '2022-01-06 14:49:35', '$2y$10$naVnwOe5O/hmU/lrOQLlS.wdeP3PR2bj6knVEfx8K2pQ3oTpDgE6a', NULL, '2022-01-06 14:49:18', '2022-01-06 14:49:35', NULL),
(12, 'awdwad', 'lklkl21@lk', 0, NULL, '$2y$10$0O9CZGVoZqNCa01b9V3dh.a0N1PGUJW9Q77MaSHVakIYTPtVCvily', NULL, '2022-01-06 14:59:54', '2022-01-06 14:59:54', NULL),
(13, '12312312', '231@13123', 0, NULL, '$2y$10$AWDmHGFlqNWOWkjBXGRO6O1hobwIV.u09Eo6HmdMbqFjgvPWW/ObS', NULL, '2022-01-06 15:01:34', '2022-01-06 15:01:34', NULL),
(14, 'awdawd', 'da22ade@2131', 0, NULL, '$2y$10$M5aY5SFS4NBqn8UEcPU5leCczaIoQMX7CLfIymiNJtKhqwB2YwxqG', NULL, '2022-01-06 15:03:56', '2022-01-06 15:03:56', NULL),
(15, 'awd;a', 'awdawd@dasadas', 0, '2022-01-06 15:04:30', '$2y$10$V5I154mjrqCn0LYNg6e6pugSHiZzy0hnE14/DFA6tocXZpGfeL5Yq', NULL, '2022-01-06 15:04:30', '2022-01-10 06:34:27', '2022-01-10 06:34:27'),
(16, 'uuuuuuuuuuuuuuuuuu21', '1111111111@222222222222', 0, '2022-01-06 15:05:52', '$2y$10$3mCA5nleG3je/5tD4M4GvO2p08Wv8X9SuQrN/Kwx/eYvGUIvv/tK.', NULL, '2022-01-06 15:05:52', '2022-01-06 15:05:52', NULL),
(17, 'awd', 'aawdawd@awdaw', 0, NULL, '$2y$10$2/oDX80gj7h2mOcgJoNn2eBQcbuRVnu8CoHZ60wNgDXb/NgN9ZY4K', NULL, '2022-01-06 15:27:14', '2022-01-06 15:27:14', NULL),
(18, 'awdawda', 'kljlkj2@kjlj', 0, '2022-01-06 15:32:59', '$2y$10$41x4BIvy0bQ2dd7yeRqq/e2zRDVsArQlfRz/GH8Flzz6QhMVoW2Au', NULL, '2022-01-06 15:32:59', '2022-01-06 15:32:59', NULL);

--
-- Индексы сохранённых таблиц
--

--
-- Индексы таблицы `categories`
--
ALTER TABLE `categories`
  ADD PRIMARY KEY (`id`);

--
-- Индексы таблицы `comments`
--
ALTER TABLE `comments`
  ADD PRIMARY KEY (`id`),
  ADD KEY `comments_post_idx` (`post_id`),
  ADD KEY `comments_user_idx` (`user_id`);

--
-- Индексы таблицы `failed_jobs`
--
ALTER TABLE `failed_jobs`
  ADD PRIMARY KEY (`id`),
  ADD UNIQUE KEY `failed_jobs_uuid_unique` (`uuid`);

--
-- Индексы таблицы `jobs`
--
ALTER TABLE `jobs`
  ADD PRIMARY KEY (`id`),
  ADD KEY `jobs_queue_index` (`queue`);

--
-- Индексы таблицы `migrations`
--
ALTER TABLE `migrations`
  ADD PRIMARY KEY (`id`);

--
-- Индексы таблицы `password_resets`
--
ALTER TABLE `password_resets`
  ADD KEY `password_resets_email_index` (`email`);

--
-- Индексы таблицы `personal_access_tokens`
--
ALTER TABLE `personal_access_tokens`
  ADD PRIMARY KEY (`id`),
  ADD UNIQUE KEY `personal_access_tokens_token_unique` (`token`),
  ADD KEY `personal_access_tokens_tokenable_type_tokenable_id_index` (`tokenable_type`,`tokenable_id`);

--
-- Индексы таблицы `posts`
--
ALTER TABLE `posts`
  ADD PRIMARY KEY (`id`),
  ADD KEY `post_category_idx` (`category_id`);

--
-- Индексы таблицы `post_tags`
--
ALTER TABLE `post_tags`
  ADD PRIMARY KEY (`id`),
  ADD KEY `post_tag_post_idx` (`post_id`),
  ADD KEY `post_tag_tag_idx` (`tag_id`);

--
-- Индексы таблицы `post_user_likes`
--
ALTER TABLE `post_user_likes`
  ADD PRIMARY KEY (`id`),
  ADD KEY `post_user_post_idx` (`post_id`),
  ADD KEY `post_user_user_idx` (`user_id`);

--
-- Индексы таблицы `tags`
--
ALTER TABLE `tags`
  ADD PRIMARY KEY (`id`);

--
-- Индексы таблицы `users`
--
ALTER TABLE `users`
  ADD PRIMARY KEY (`id`),
  ADD UNIQUE KEY `users_email_unique` (`email`);

--
-- AUTO_INCREMENT для сохранённых таблиц
--

--
-- AUTO_INCREMENT для таблицы `categories`
--
ALTER TABLE `categories`
  MODIFY `id` bigint UNSIGNED NOT NULL AUTO_INCREMENT, AUTO_INCREMENT=7;

--
-- AUTO_INCREMENT для таблицы `comments`
--
ALTER TABLE `comments`
  MODIFY `id` bigint UNSIGNED NOT NULL AUTO_INCREMENT, AUTO_INCREMENT=19;

--
-- AUTO_INCREMENT для таблицы `failed_jobs`
--
ALTER TABLE `failed_jobs`
  MODIFY `id` bigint UNSIGNED NOT NULL AUTO_INCREMENT;

--
-- AUTO_INCREMENT для таблицы `jobs`
--
ALTER TABLE `jobs`
  MODIFY `id` bigint UNSIGNED NOT NULL AUTO_INCREMENT, AUTO_INCREMENT=3;

--
-- AUTO_INCREMENT для таблицы `migrations`
--
ALTER TABLE `migrations`
  MODIFY `id` int UNSIGNED NOT NULL AUTO_INCREMENT, AUTO_INCREMENT=25;

--
-- AUTO_INCREMENT для таблицы `personal_access_tokens`
--
ALTER TABLE `personal_access_tokens`
  MODIFY `id` bigint UNSIGNED NOT NULL AUTO_INCREMENT;

--
-- AUTO_INCREMENT для таблицы `posts`
--
ALTER TABLE `posts`
  MODIFY `id` bigint UNSIGNED NOT NULL AUTO_INCREMENT, AUTO_INCREMENT=17;

--
-- AUTO_INCREMENT для таблицы `post_tags`
--
ALTER TABLE `post_tags`
  MODIFY `id` bigint UNSIGNED NOT NULL AUTO_INCREMENT, AUTO_INCREMENT=46;

--
-- AUTO_INCREMENT для таблицы `post_user_likes`
--
ALTER TABLE `post_user_likes`
  MODIFY `id` bigint UNSIGNED NOT NULL AUTO_INCREMENT, AUTO_INCREMENT=18;

--
-- AUTO_INCREMENT для таблицы `tags`
--
ALTER TABLE `tags`
  MODIFY `id` bigint UNSIGNED NOT NULL AUTO_INCREMENT, AUTO_INCREMENT=8;

--
-- AUTO_INCREMENT для таблицы `users`
--
ALTER TABLE `users`
  MODIFY `id` bigint UNSIGNED NOT NULL AUTO_INCREMENT, AUTO_INCREMENT=19;

--
-- Ограничения внешнего ключа сохраненных таблиц
--

--
-- Ограничения внешнего ключа таблицы `comments`
--
ALTER TABLE `comments`
  ADD CONSTRAINT `comments_post_fk` FOREIGN KEY (`post_id`) REFERENCES `posts` (`id`),
  ADD CONSTRAINT `comments_user_fk` FOREIGN KEY (`user_id`) REFERENCES `users` (`id`);

--
-- Ограничения внешнего ключа таблицы `posts`
--
ALTER TABLE `posts`
  ADD CONSTRAINT `post_category_fk` FOREIGN KEY (`category_id`) REFERENCES `categories` (`id`);

--
-- Ограничения внешнего ключа таблицы `post_tags`
--
ALTER TABLE `post_tags`
  ADD CONSTRAINT `post_tag_post_fk` FOREIGN KEY (`post_id`) REFERENCES `posts` (`id`),
  ADD CONSTRAINT `post_tag_tag_fk` FOREIGN KEY (`tag_id`) REFERENCES `tags` (`id`);

--
-- Ограничения внешнего ключа таблицы `post_user_likes`
--
ALTER TABLE `post_user_likes`
  ADD CONSTRAINT `post_user_post_fk` FOREIGN KEY (`post_id`) REFERENCES `posts` (`id`),
  ADD CONSTRAINT `post_user_user_fk` FOREIGN KEY (`user_id`) REFERENCES `users` (`id`);
COMMIT;

/*!40101 SET CHARACTER_SET_CLIENT=@OLD_CHARACTER_SET_CLIENT */;
/*!40101 SET CHARACTER_SET_RESULTS=@OLD_CHARACTER_SET_RESULTS */;
/*!40101 SET COLLATION_CONNECTION=@OLD_COLLATION_CONNECTION */;
